rank,count,function,offset,file
1,8269,ZSTD_compressBlock_doubleFast_extDict_generic,0x1ee,zstd
2,3550,ZSTD_compressBlock_doubleFast_extDict_generic,0x17c,zstd
3,2967,ZSTD_compressBlock_doubleFast_extDict_generic,0x20c,zstd
4,1746,ZSTD_compressBlock_doubleFast_extDict_generic,0x196,zstd
5,1391,ZSTD_compressBlock_doubleFast_extDict_generic,0x25e,zstd
6,1176,ZSTD_compressBlock_doubleFast_extDict_generic,0x1f2,zstd
7,679,ZSTD_compressBlock_doubleFast,0xb86,zstd
8,590,rep_movs_alternative,0x4a,[kernel.kallsyms]
9,537,ZSTD_compressBlock_doubleFast_extDict_generic,0x1f8,zstd
10,428,ZSTD_compressBlock_doubleFast,0xb3f,zstd
11,413,__memmove_avx_unaligned_erms,0x2a4,libc.so.6
12,410,ZSTD_compressBlock_doubleFast_extDict_generic,0x538,zstd
13,404,ZSTD_compressBlock_doubleFast_extDict_generic,0x243,zstd
14,362,ZSTD_compressBlock_doubleFast_extDict_generic,0x18a,zstd
15,361,ZSTD_compressBlock_doubleFast,0xbb1,zstd
16,348,ZSTD_compressBlock_doubleFast_extDict_generic,0x763,zstd
17,337,ZSTD_compressBlock_doubleFast,0xc1d,zstd
18,268,ZSTD_compressBlock_doubleFast_extDict_generic,0x3ed,zstd
19,261,ZSTD_compressBlock_doubleFast_extDict_generic,0x518,zstd
20,253,ZSTD_count_2segments,0x23,zstd
21,240,ZSTD_compressBlock_doubleFast_extDict_generic,0x217,zstd
22,237,ZSTD_compressBlock_doubleFast_extDict_generic,0x199,zstd
23,233,ZSTD_compressBlock_doubleFast_extDict_generic,0x261,zstd
24,231,ZSTD_compressBlock_doubleFast_extDict_generic,0x591,zstd
25,230,ZSTD_compressBlock_doubleFast_extDict_generic,0x182,zstd
26,221,ZSTD_count_2segments,0x13b,zstd
27,209,ZSTD_compressBlock_doubleFast_extDict_generic,0x3a0,zstd
28,205,ZSTD_compressBlock_doubleFast_extDict_generic,0x208,zstd
29,191,ZSTD_compressBlock_doubleFast_extDict_generic,0x3a3,zstd
30,189,ZSTD_compressBlock_doubleFast,0xb91,zstd
31,185,ZSTD_compressBlock_doubleFast_extDict_generic,0x5d4,zstd
32,183,ZSTD_count_2segments,0x43,zstd
33,177,ZSTD_compressBlock_doubleFast_extDict_generic,0x1b3,zstd
34,174,ZSTD_compressBlock_doubleFast,0xb83,zstd
35,173,ZSTD_compressBlock_doubleFast_extDict_generic,0x17f,zstd
36,171,ZSTD_compressBlock_doubleFast_extDict_generic,0x1e1,zstd
37,171,ZSTD_compressBlock_doubleFast_extDict_generic,0x3e7,zstd
38,170,ZSTD_count_2segments,0x32,zstd
39,168,ZSTD_compressBlock_doubleFast_extDict_generic,0x1d1,zstd
40,162,ZSTD_compressBlock_doubleFast_extDict_generic,0x120,zstd
41,161,ZSTD_compressBlock_doubleFast_extDict_generic,0x1a6,zstd
42,160,ZSTD_compressBlock_doubleFast_extDict_generic,0x1c1,zstd
43,153,ZSTD_compressBlock_doubleFast_extDict_generic,0x806,zstd
44,147,ZSTD_compressBlock_doubleFast_extDict_generic,0x130,zstd
45,147,ZSTD_compressBlock_doubleFast_extDict_generic,0x3b4,zstd
46,145,ZSTD_compressBlock_doubleFast_extDict_generic,0x3eb,zstd
47,143,ZSTD_compressBlock_doubleFast_extDict_generic,0x16c,zstd
48,142,ZSTD_compressBlock_doubleFast_extDict_generic,0x15b,zstd
49,133,ZSTD_compressBlock_doubleFast_extDict_generic,0x3f0,zstd
50,132,ZSTD_seqToCodes,0x87,zstd
51,127,ZSTD_encodeSequences,0x406,zstd
52,126,ZSTD_compressBlock_doubleFast_extDict_generic,0x1a9,zstd
53,126,ZSTD_compressBlock_doubleFast_extDict_generic,0x1d3,zstd
54,125,ZSTD_compressBlock_doubleFast_extDict_generic,0x3aa,zstd
55,124,ZSTD_compressBlock_doubleFast_extDict_generic,0x13c,zstd
56,124,ZSTD_encodeSequences,0x3fd,zstd
57,123,ZSTD_encodeSequences,0x3bb,zstd
58,121,ZSTD_count_2segments,0x12,zstd
59,120,ZSTD_count_2segments,0x1d0,zstd
60,120,ZSTD_encodeSequences,0x279,zstd
61,119,ZSTD_compressBlock_doubleFast_extDict_generic,0x19c,zstd
62,118,ZSTD_compressBlock_doubleFast_extDict_generic,0x1c6,zstd
63,116,ZSTD_compressBlock_doubleFast_extDict_generic,0x16f,zstd
64,116,ZSTD_count_2segments,0x46,zstd
65,115,ZSTD_compressBlock_doubleFast_extDict_generic,0x7d7,zstd
66,115,ZSTD_compressBlock_doubleFast_extDict_generic,0x938,zstd
67,114,ZSTD_encodeSequences,0x367,zstd
68,112,ZSTD_compressBlock_doubleFast_extDict_generic,0x515,zstd
69,112,ZSTD_encodeSequences,0x29d,zstd
70,109,ZSTD_compressBlock_doubleFast_extDict_generic,0x15e,zstd
71,108,ZSTD_compressBlock_doubleFast_extDict_generic,0xab1,zstd
72,106,ZSTD_compressBlock_doubleFast_extDict_generic,0x3e2,zstd
73,106,ZSTD_count_2segments,0x11b,zstd
74,106,ZSTD_encodeSequences,0x2bf,zstd
75,106,ZSTD_encodeSequences,0x36d,zstd
76,105,ZSTD_compressBlock_doubleFast,0x1ccc,zstd
77,105,ZSTD_compressBlock_doubleFast_extDict_generic,0x1e8,zstd
78,104,ZSTD_count_2segments,0x26,zstd
79,102,ZSTD_compressBlock_doubleFast_extDict_generic,0x1b6,zstd
80,102,ZSTD_compressBlock_doubleFast_extDict_generic,0x337,zstd
81,101,ZSTD_compressBlock_doubleFast_extDict_generic,0x52b,zstd
82,100,ZSTD_compressBlock_doubleFast,0xbae,zstd
83,100,ZSTD_compressBlock_doubleFast_extDict_generic,0x873,zstd
84,100,ZSTD_recordFingerprint_43,0x69,zstd
85,98,ZSTD_encodeSequences,0x2f0,zstd
86,98,ZSTD_encodeSequences,0x3aa,zstd
87,88,ZSTD_compressBlock_doubleFast_extDict_generic,0xab8,zstd
88,86,ZSTD_compressBlock_doubleFast_extDict_generic,0x316,zstd
89,85,ZSTD_compressBlock_doubleFast_extDict_generic,0x78d,zstd
90,83,ZSTD_compressBlock_doubleFast_extDict_generic,0x124,zstd
91,82,ZSTD_compressBlock_doubleFast_extDict_generic,0x156,zstd
92,82,ZSTD_count_2segments,0x3,zstd
93,81,ZSTD_compressBlock_doubleFast_extDict_generic,0x1d6,zstd
94,80,ZSTD_compressBlock_doubleFast_extDict_generic,0x211,zstd
95,80,ZSTD_seqToCodes,0x8b,zstd
96,77,ZSTD_compressBlock_doubleFast_extDict_generic,0x127,zstd
97,76,ZSTD_count_2segments,0x10c,zstd
98,75,ZSTD_compressBlock_doubleFast,0x253b,zstd
99,72,kernel_init_pages,0x3a,[kernel.kallsyms]
100,70,ZSTD_compressBlock_doubleFast_extDict_generic,0x26a,zstd
101,69,ZSTD_compressBlock_doubleFast_extDict_generic,0x192,zstd
102,68,ZSTD_compressBlock_doubleFast_extDict_generic,0x1ac,zstd
103,68,ZSTD_encodeSequences,0x2e0,zstd
104,65,ZSTD_compressBlock_doubleFast_extDict_generic,0x535,zstd
105,63,ZSTD_count_2segments,0x58,zstd
106,62,ZSTD_compressBlock_doubleFast_extDict_generic,0x1ca,zstd
107,62,ZSTD_seqToCodes,0xa4,zstd
108,61,ZSTD_compressBlock_doubleFast_extDict_generic,0x1eb,zstd
109,61,ZSTD_compressBlock_doubleFast_extDict_generic,0x234,zstd
110,61,ZSTD_compressBlock_doubleFast_extDict_generic,0x2e7,zstd
111,61,ZSTD_compressBlock_doubleFast_extDict_generic,0xaa7,zstd
112,61,ZSTD_count_2segments,0x52,zstd
113,60,ZSTD_compressBlock_doubleFast,0x13b0,zstd
114,59,HIST_count_parallel_wksp,0xae,zstd
115,59,ZSTD_compressBlock_doubleFast_extDict_generic,0x59f,zstd
116,58,ZSTD_compressBlock_doubleFast_extDict_generic,0x546,zstd
117,58,ZSTD_compressBlock_doubleFast_extDict_generic,0xb02,zstd
118,57,ZSTD_compressBlock_doubleFast_extDict_generic,0x168,zstd
119,57,ZSTD_encodeSequences,0x37b,zstd
120,56,ZSTD_compressBlock_doubleFast,0xbbc,zstd
121,56,ZSTD_compressBlock_doubleFast_extDict_generic,0x5c4,zstd
122,56,ZSTD_encodeSequences,0x26a,zstd
123,56,ZSTD_encodeSequences,0x32b,zstd
124,55,ZSTD_compressBlock_doubleFast_extDict_generic,0x23b,zstd
125,55,ZSTD_compressBlock_doubleFast_extDict_generic,0x34c,zstd
126,55,ZSTD_compressBlock_doubleFast_extDict_generic,0x5b7,zstd
127,55,ZSTD_count_2segments,0x55,zstd
128,55,ZSTD_encodeSequences,0x287,zstd
129,55,ZSTD_encodeSequences,0x3cc,zstd
130,55,ZSTD_seqToCodes,0xa9,zstd
131,54,ZSTD_compressBlock_doubleFast,0xb8b,zstd
132,54,ZSTD_compressBlock_doubleFast_extDict_generic,0x50b,zstd
133,54,ZSTD_count_2segments,0x1db,zstd
134,53,HIST_count_parallel_wksp,0x127,zstd
135,53,ZSTD_compressBlock_doubleFast_extDict_generic,0x3a6,zstd
136,53,ZSTD_compressBlock_doubleFast_extDict_generic,0x4f4,zstd
137,53,ZSTD_encodeSequences,0x2a8,zstd
138,52,HIST_count_parallel_wksp,0xe8,zstd
139,52,HIST_count_parallel_wksp,0xf3,zstd
140,52,ZSTD_compressBlock_doubleFast_extDict_generic,0x788,zstd
141,52,ZSTD_count_2segments,0x4c,zstd
142,52,ZSTD_encodeSequences,0x2d2,zstd
143,51,HIST_count_parallel_wksp,0x146,zstd
144,51,HUF_compress1X_usingCTable_internal.isra.0,0xbcc,zstd
145,51,ZSTD_compressBlock_doubleFast_extDict_generic,0x1a0,zstd
146,51,ZSTD_compressBlock_doubleFast_extDict_generic,0x511,zstd
147,51,ZSTD_compressBlock_doubleFast_extDict_generic,0x5e6,zstd
148,51,ZSTD_compressBlock_doubleFast_extDict_generic,0x970,zstd
149,51,ZSTD_count_2segments,0x8,zstd
150,50,ZSTD_encodeSequences,0x340,zstd
151,50,filemap_get_read_batch,0xc4,[kernel.kallsyms]
152,49,HIST_count_parallel_wksp,0x13e,zstd
153,49,ZSTD_XXH64_update,0x92,zstd
154,49,ZSTD_compressBlock_doubleFast_extDict_generic,0x1b9,zstd
155,49,ZSTD_compressBlock_doubleFast_extDict_generic,0x35c,zstd
156,49,ZSTD_compressBlock_doubleFast_extDict_generic,0x58e,zstd
157,49,ZSTD_compressBlock_doubleFast_extDict_generic,0x7a0,zstd
158,49,ZSTD_count_2segments,0x1a,zstd
159,49,ZSTD_encodeSequences,0x34d,zstd
160,48,HIST_count_parallel_wksp,0xbd,zstd
161,48,HIST_count_parallel_wksp,0xd9,zstd
162,48,ZSTD_XXH64_update,0x80,zstd
163,48,ZSTD_XXH64_update,0xca,zstd
164,48,ZSTD_compressBlock_doubleFast_extDict_generic,0x1af,zstd
165,48,ZSTD_compressBlock_doubleFast_extDict_generic,0x359,zstd
166,48,ZSTD_compressBlock_doubleFast_extDict_generic,0x5ac,zstd
167,48,ZSTD_encodeSequences,0x3e3,zstd
168,47,ZSTD_compressBlock_doubleFast,0xb7f,zstd
169,47,ZSTD_compressBlock_doubleFast_extDict_generic,0x526,zstd
170,47,ZSTD_compressBlock_doubleFast_extDict_generic,0x7f3,zstd
171,47,ZSTD_encodeSequences,0x2e7,zstd
172,47,ZSTD_encodeSequences,0x3d1,zstd
173,47,ZSTD_seqToCodes,0xc0,zstd
174,46,ZSTD_compressBlock_doubleFast_extDict_generic,0xac8,zstd
175,46,ZSTD_encodeSequences,0x260,zstd
176,46,ZSTD_encodeSequences,0x38c,zstd
177,45,HIST_count_parallel_wksp,0x11e,zstd
178,45,HUF_compress1X_usingCTable_internal.isra.0,0xc2d,zstd
179,45,ZSTD_compressBlock_doubleFast_extDict_generic,0x33f,zstd
180,45,ZSTD_compressBlock_doubleFast_extDict_generic,0x4f9,zstd
181,45,ZSTD_compressBlock_doubleFast_extDict_generic,0x5b4,zstd
182,45,ZSTD_encodeSequences,0x303,zstd
183,45,ZSTD_encodeSequences,0x33b,zstd
184,45,ZSTD_encodeSequences,0x3b0,zstd
185,44,ZSTD_compressBlock_doubleFast_extDict_generic,0x33c,zstd
186,44,ZSTD_compressBlock_doubleFast_extDict_generic,0x50e,zstd
187,44,ZSTD_count_2segments,0xb,zstd
188,44,ZSTD_encodeSequences,0x28d,zstd
189,43,HIST_count_parallel_wksp,0xc8,zstd
190,43,HIST_count_parallel_wksp,0x104,zstd
191,43,ZSTD_compressBlock_doubleFast_extDict_generic,0x24a,zstd
192,43,ZSTD_count_2segments,0x138,zstd
193,43,ZSTD_encodeSequences,0x270,zstd
194,43,ZSTD_encodeSequences,0x297,zstd
195,43,ZSTD_encodeSequences,0x345,zstd
196,43,ZSTD_encodeSequences,0x414,zstd
197,43,ZSTD_seqToCodes,0x9a,zstd
198,42,HIST_count_parallel_wksp,0x113,zstd
199,42,ZSTD_encodeSequences,0x314,zstd
200,42,ZSTD_encodeSequences,0x319,zstd
201,42,ZSTD_encodeSequences,0x403,zstd
202,42,ZSTD_encodeSequences,0x409,zstd
203,42,ZSTD_seqToCodes,0x95,zstd
204,41,HIST_count_parallel_wksp,0x12b,zstd
205,41,ZSTD_compressBlock_doubleFast_extDict_generic,0x776,zstd
206,41,ZSTD_compressBlock_doubleFast_extDict_generic,0x818,zstd
207,41,ZSTD_count_2segments,0x2c,zstd
208,41,ZSTD_encodeSequences,0x2ac,zstd
209,41,ZSTD_encodeSequences,0x30f,zstd
210,40,HIST_count_parallel_wksp,0xd1,zstd
211,40,ZSTD_compressBlock_doubleFast_extDict_generic,0x3d8,zstd
212,40,ZSTD_compressBlock_doubleFast_extDict_generic,0x5e3,zstd
213,40,ZSTD_encodeSequences,0x274,zstd
214,40,ZSTD_encodeSequences,0x29a,zstd
215,40,ZSTD_encodeSequences,0x2b8,zstd
216,40,ZSTD_encodeSequences,0x2c8,zstd
217,40,ZSTD_encodeSequences,0x2cd,zstd
218,40,ZSTD_encodeSequences,0x326,zstd
219,40,ZSTD_encodeSequences,0x350,zstd
220,40,ZSTD_encodeSequences,0x39b,zstd
221,40,ZSTD_encodeSequences,0x3ad,zstd
222,40,ZSTD_encodeSequences,0x3c2,zstd
223,40,ZSTD_encodeSequences,0x41a,zstd
224,40,ZSTD_seqToCodes,0xbc,zstd
225,39,HIST_count_parallel_wksp,0xfc,zstd
226,39,HIST_count_parallel_wksp,0x12f,zstd
227,39,ZSTD_compressBlock_doubleFast,0xb63,zstd
228,39,ZSTD_compressBlock_doubleFast_extDict_generic,0x1cc,zstd
229,39,ZSTD_compressBlock_doubleFast_extDict_generic,0x299,zstd
230,39,ZSTD_compressBlock_doubleFast_extDict_generic,0xab4,zstd
231,39,ZSTD_encodeSequences,0x282,zstd
232,39,ZSTD_encodeSequences,0x2c5,zstd
233,39,ZSTD_encodeSequences,0x2d0,zstd
234,39,ZSTD_encodeSequences,0x330,zstd
235,39,ZSTD_encodeSequences,0x364,zstd
236,39,ZSTD_encodeSequences,0x370,zstd
237,39,ZSTD_encodeSequences,0x376,zstd
238,39,ZSTD_encodeSequences,0x3a6,zstd
239,39,ZSTD_encodeSequences,0x3f3,zstd
240,39,ZSTD_encodeSequences,0x428,zstd
241,38,ZSTD_compressBlock_doubleFast_extDict_generic,0x5a9,zstd
242,38,ZSTD_encodeSequences,0x2d7,zstd
243,38,ZSTD_encodeSequences,0x2f3,zstd
244,38,ZSTD_encodeSequences,0x373,zstd
245,38,ZSTD_encodeSequences,0x389,zstd
246,38,ZSTD_encodeSequences,0x394,zstd
247,38,ZSTD_encodeSequences,0x3a1,zstd
248,38,ZSTD_encodeSequences,0x3ed,zstd
249,38,ZSTD_seqToCodes,0xad,zstd
250,37,ZSTD_compressBlock_doubleFast_extDict_generic,0x59c,zstd
251,37,ZSTD_compressBlock_doubleFast_extDict_generic,0x792,zstd
252,37,ZSTD_compressBlock_doubleFast_extDict_generic,0x8e8,zstd
253,37,ZSTD_compressBlock_doubleFast_extDict_generic,0xaa3,zstd
254,37,ZSTD_count_2segments,0x16,zstd
255,37,ZSTD_encodeSequences,0x2dd,zstd
256,37,ZSTD_encodeSequences,0x2e4,zstd
257,37,ZSTD_encodeSequences,0x385,zstd
258,37,ZSTD_encodeSequences,0x3b3,zstd
259,37,ZSTD_encodeSequences,0x3be,zstd
260,37,ZSTD_encodeSequences,0x417,zstd
261,37,ZSTD_seqToCodes,0x98,zstd
262,36,ZSTD_XXH64_update,0xb3,zstd
263,36,ZSTD_compressBlock_doubleFast,0x12b1,zstd
264,36,ZSTD_compressBlock_doubleFast,0x13d4,zstd
265,36,ZSTD_compressBlock_doubleFast,0x2528,zstd
266,36,ZSTD_compressBlock_doubleFast_extDict_generic,0x495,zstd
267,36,ZSTD_compressBlock_doubleFast_extDict_generic,0x769,zstd
268,36,ZSTD_compressBlock_doubleFast_extDict_generic,0xaac,zstd
269,36,ZSTD_encodeSequences,0x27f,zstd
270,36,ZSTD_encodeSequences,0x3b6,zstd
271,36,ZSTD_encodeSequences,0x3f1,zstd
272,36,ZSTD_encodeSequences,0x40c,zstd
273,36,ZSTD_encodeSequences,0x41f,zstd
274,35,FSE_buildCTable_wksp,0x35a,zstd
275,35,ZSTD_XXH64_update,0xd9,zstd
276,35,ZSTD_compressBlock_doubleFast,0xbc4,zstd
277,35,ZSTD_compressBlock_doubleFast_extDict_generic,0x1a3,zstd
278,35,ZSTD_compressBlock_doubleFast_extDict_generic,0x1fc,zstd
279,35,ZSTD_compressBlock_doubleFast_extDict_generic,0x64a,zstd
280,35,ZSTD_encodeSequences,0x294,zstd
281,35,ZSTD_encodeSequences,0x2bc,zstd
282,35,ZSTD_encodeSequences,0x2ee,zstd
283,35,ZSTD_encodeSequences,0x337,zstd
284,35,ZSTD_encodeSequences,0x35f,zstd
285,35,ZSTD_encodeSequences,0x361,zstd
286,35,ZSTD_encodeSequences,0x398,zstd
287,35,ZSTD_encodeSequences,0x3e9,zstd
288,34,ZSTD_XXH64_update,0xe4,zstd
289,34,ZSTD_compressBlock_doubleFast_extDict_generic,0x5e9,zstd
290,34,ZSTD_encodeSequences,0x349,zstd
291,34,ZSTD_encodeSequences,0x3db,zstd
292,34,ZSTD_seqToCodes,0x90,zstd
293,33,ZSTD_compressBlock_doubleFast,0xb76,zstd
294,33,ZSTD_compressBlock_doubleFast,0xba7,zstd
295,33,ZSTD_compressBlock_doubleFast,0xc12,zstd
296,33,ZSTD_compressBlock_doubleFast,0xc2b,zstd
297,33,ZSTD_compressBlock_doubleFast_extDict_generic,0x1d8,zstd
298,33,ZSTD_compressBlock_doubleFast_extDict_generic,0x2b6,zstd
299,33,ZSTD_compressBlock_doubleFast_extDict_generic,0x5c2,zstd
300,33,ZSTD_compressBlock_doubleFast_extDict_generic,0x640,zstd
301,33,ZSTD_compressBlock_doubleFast_extDict_generic,0x760,zstd
302,33,ZSTD_encodeSequences,0x265,zstd
303,33,ZSTD_encodeSequences,0x277,zstd
304,33,ZSTD_encodeSequences,0x2a3,zstd
305,33,ZSTD_encodeSequences,0x2fe,zstd
306,33,ZSTD_seqToCodes,0x9f,zstd
307,32,ZSTD_compressBlock_doubleFast_extDict_generic,0x52e,zstd
308,32,ZSTD_encodeSequences,0x39f,zstd
309,32,ZSTD_encodeSequences,0x3c7,zstd
310,32,ZSTD_encodeSequences,0x3f7,zstd
311,32,ZSTD_encodeSequences,0x3fa,zstd
312,32,__rmqueue_pcplist,0x5d,[kernel.kallsyms]
313,31,HIST_count_parallel_wksp,0x14b,zstd
314,31,ZSTD_XXH64_update,0xa1,zstd
315,31,ZSTD_compressBlock_doubleFast_extDict_generic,0x172,zstd
316,31,ZSTD_compressBlock_doubleFast_extDict_generic,0x2ff,zstd
317,31,ZSTD_compressBlock_doubleFast_extDict_generic,0x365,zstd
318,31,ZSTD_encodeSequences,0x290,zstd
319,31,ZSTD_encodeSequences,0x2da,zstd
320,31,ZSTD_encodeSequences,0x323,zstd
321,31,ZSTD_encodeSequences,0x357,zstd
322,31,ZSTD_encodeSequences,0x3e6,zstd
323,31,ZSTD_seqToCodes,0xc7,zstd
324,30,ZSTD_compressBlock_doubleFast,0xbb6,zstd
325,30,ZSTD_compressBlock_doubleFast_extDict_generic,0x1bd,zstd
326,30,ZSTD_compressBlock_doubleFast_extDict_generic,0x24f,zstd
327,30,ZSTD_compressBlock_doubleFast_extDict_generic,0x543,zstd
328,30,ZSTD_compressBlock_doubleFast_extDict_generic,0x5d6,zstd
329,30,ZSTD_encodeSequences,0x2b6,zstd
330,30,ZSTD_seqToCodes,0xb7,zstd
331,30,ZSTD_splitBlock,0x190,zstd
332,29,HIST_count_parallel_wksp,0x60,zstd
333,29,HUF_compress1X_usingCTable_internal.isra.0,0x5eb,zstd
334,29,ZSTD_XXH64_update,0xaf,zstd
335,29,ZSTD_XXH64_update,0xbf,zstd
336,29,ZSTD_compressBlock_doubleFast,0x256c,zstd
337,29,ZSTD_compressBlock_doubleFast_extDict_generic,0x7ae,zstd
338,29,ZSTD_encodeSequences,0x31e,zstd
339,29,ZSTD_encodeSequences,0x36a,zstd
340,29,ZSTD_encodeSequences,0x3d6,zstd
341,29,filemap_get_read_batch,0xd6,[kernel.kallsyms]
342,28,ZSTD_XXH64_update,0xa5,zstd
343,28,ZSTD_compressBlock_doubleFast,0x1c96,zstd
344,28,ZSTD_compressBlock_doubleFast_extDict_generic,0x238,zstd
345,28,ZSTD_compressBlock_doubleFast_extDict_generic,0x5cf,zstd
346,28,ZSTD_compressBlock_doubleFast_extDict_generic,0x5de,zstd
347,28,ZSTD_compressBlock_doubleFast_extDict_generic,0xb07,zstd
348,28,ZSTD_encodeSequences,0x353,zstd
349,28,its_return_thunk,0x0,[kernel.kallsyms]
350,27,HIST_count_simple,0x47,zstd
351,27,ZSTD_XXH64_update,0x83,zstd
352,27,ZSTD_XXH64_update,0xc2,zstd
353,27,ZSTD_compressBlock_doubleFast_extDict_generic,0x2f6,zstd
354,27,ZSTD_encodeSequences,0x2a0,zstd
355,27,ZSTD_encodeSequences,0x2d5,zstd
356,27,ZSTD_encodeSequences,0x308,zstd
357,27,ZSTD_encodeSequences,0x35b,zstd
358,27,ZSTD_encodeSequences,0x40f,zstd
359,27,ZSTD_splitBlock,0x19b,zstd
360,27,_raw_spin_lock,0x13,[kernel.kallsyms]
361,26,HUF_compress1X_usingCTable_internal.isra.0,0x64c,zstd
362,26,ZSTD_XXH64_update,0xac,zstd
363,26,ZSTD_compressBlock_doubleFast_extDict_generic,0x186,zstd
364,26,ZSTD_compressBlock_doubleFast_extDict_generic,0x307,zstd
365,26,ZSTD_compressBlock_doubleFast_extDict_generic,0x942,zstd
366,26,ZSTD_compressBlock_doubleFast_extDict_generic,0xaf8,zstd
367,26,ZSTD_encodeSequences,0x27c,zstd
368,26,ZSTD_encodeSequences,0x2c2,zstd
369,26,ZSTD_encodeSequences,0x2ea,zstd
370,26,ZSTD_encodeSequences,0x3df,zstd
371,26,ZSTD_splitBlock,0x184,zstd
372,25,FSE_buildCTable_wksp,0x348,zstd
373,25,ZSTD_compressBlock_doubleFast_extDict_generic,0x151,zstd
374,25,ZSTD_compressBlock_doubleFast_extDict_generic,0x163,zstd
375,25,ZSTD_compressBlock_doubleFast_extDict_generic,0x22a,zstd
376,25,ZSTD_compressBlock_doubleFast_extDict_generic,0x258,zstd
377,25,ZSTD_compressBlock_doubleFast_extDict_generic,0x784,zstd
378,24,ZSTD_compressBlock_doubleFast,0xc08,zstd
379,24,ZSTD_compressBlock_doubleFast_extDict_generic,0x531,zstd
380,24,ZSTD_compressBlock_doubleFast_extDict_generic,0x584,zstd
381,24,ZSTD_compressBlock_doubleFast_extDict_generic,0x7aa,zstd
382,24,ZSTD_compressBlock_doubleFast_extDict_generic,0x7e1,zstd
383,24,ZSTD_count_2segments,0x63,zstd
384,24,ZSTD_encodeSequences,0x400,zstd
385,23,ZSTD_XXH64_update,0xe0,zstd
386,23,ZSTD_compressBlock_doubleFast,0xbf3,zstd
387,23,ZSTD_compressBlock_doubleFast_extDict_generic,0x21b,zstd
388,23,ZSTD_compressBlock_doubleFast_extDict_generic,0x310,zstd
389,23,ZSTD_compressBlock_doubleFast_extDict_generic,0x53f,zstd
390,23,ZSTD_compressBlock_doubleFast_extDict_generic,0x594,zstd
391,23,ZSTD_count_2segments,0x3a,zstd
392,23,ZSTD_seqToCodes,0xb2,zstd
393,22,ZSTD_compressBlock_doubleFast,0x1cd5,zstd
394,22,ZSTD_compressBlock_doubleFast_extDict_generic,0x205,zstd
395,22,ZSTD_compressBlock_doubleFast_extDict_generic,0x20f,zstd
396,22,ZSTD_compressBlock_doubleFast_extDict_generic,0x282,zstd
397,22,ZSTD_compressBlock_doubleFast_extDict_generic,0x28b,zstd
398,22,ZSTD_compressBlock_doubleFast_extDict_generic,0x2f3,zstd
399,22,ZSTD_splitBlock,0x130,zstd
400,21,ZSTD_XXH64_update,0x8e,zstd
401,21,ZSTD_XXH64_update,0x96,zstd
402,21,ZSTD_compressBlock_doubleFast,0xb4f,zstd
403,21,ZSTD_compressBlock_doubleFast_extDict_generic,0x25b,zstd
404,21,ZSTD_compressBlock_doubleFast_extDict_generic,0x28f,zstd
405,21,ZSTD_compressBlock_doubleFast_extDict_generic,0x32b,zstd
406,21,ZSTD_compressBlock_doubleFast_extDict_generic,0x55b,zstd
407,21,ZSTD_compressBlock_doubleFast_extDict_generic,0x5cb,zstd
408,21,ZSTD_compressBlock_doubleFast_extDict_generic,0x7c9,zstd
409,21,ZSTD_compressBlock_doubleFast_extDict_generic,0xabb,zstd
410,21,rmqueue_bulk,0x12d,[kernel.kallsyms]
411,21,sync_regs,0x1e,[kernel.kallsyms]
412,20,HUF_compress1X_usingCTable_internal.isra.0,0xbc4,zstd
413,20,ZSTD_compressBlock_doubleFast,0x1ccf,zstd
414,20,ZSTD_compressBlock_doubleFast_extDict_generic,0x53b,zstd
415,20,ZSTD_compressBlock_doubleFast_extDict_generic,0x589,zstd
416,20,ZSTD_compressBlock_doubleFast_extDict_generic,0x5c9,zstd
417,20,ZSTD_compressBlock_doubleFast_extDict_generic,0x7b8,zstd
418,20,ZSTD_compressBlock_doubleFast_extDict_generic,0x8a6,zstd
419,20,ZSTD_compressBlock_doubleFast_extDict_generic,0x9a0,zstd
420,20,native_irq_return_iret,0x0,[kernel.kallsyms]
421,19,HIST_count_parallel_wksp,0x123,zstd
422,19,ZSTD_compressBlock_doubleFast,0x13fd,zstd
423,19,ZSTD_compressBlock_doubleFast_extDict_generic,0x319,zstd
424,19,ZSTD_compressBlock_doubleFast_extDict_generic,0x32f,zstd
425,19,ZSTD_compressBlock_doubleFast_extDict_generic,0x800,zstd
426,19,ZSTD_count_2segments,0x115,zstd
427,19,ZSTD_encodeSequences,0x380,zstd
428,18,HUF_compress1X_usingCTable_internal.isra.0,0x44c,zstd
429,18,ZSTD_XXH64_update,0xd1,zstd
430,18,ZSTD_compressBlock_doubleFast,0xbf9,zstd
431,18,ZSTD_compressBlock_doubleFast_extDict_generic,0x350,zstd
432,18,ZSTD_compressBlock_doubleFast_extDict_generic,0x4fe,zstd
433,18,ZSTD_compressBlock_doubleFast_extDict_generic,0x5bf,zstd
434,18,ZSTD_compressBlock_doubleFast_extDict_generic,0x7de,zstd
435,18,ZSTD_compressBlock_doubleFast_extDict_generic,0x870,zstd
436,18,ZSTD_compressBlock_doubleFast_extDict_generic,0xb0b,zstd
437,17,FSE_buildCTable_wksp,0x190,zstd
438,17,HIST_count_parallel_wksp,0x100,zstd
439,17,HIST_count_parallel_wksp,0x10f,zstd
440,17,HUF_compress1X_usingCTable_internal.isra.0,0xbc0,zstd
441,17,HUF_compress1X_usingCTable_internal.isra.0,0xc29,zstd
442,17,ZSTD_compressBlock_doubleFast,0xc31,zstd
443,17,ZSTD_compressBlock_doubleFast,0x257c,zstd
444,17,ZSTD_compressBlock_doubleFast_extDict_generic,0x18d,zstd
445,17,ZSTD_compressBlock_doubleFast_extDict_generic,0x31d,zstd
446,17,ZSTD_compressBlock_doubleFast_extDict_generic,0x54f,zstd
447,17,ZSTD_compressBlock_doubleFast_extDict_generic,0x598,zstd
448,17,ZSTD_compressBlock_doubleFast_extDict_generic,0x5a7,zstd
449,17,ZSTD_compressBlock_doubleFast_extDict_generic,0x5bb,zstd
450,17,ZSTD_compressBlock_doubleFast_extDict_generic,0x910,zstd
451,17,ZSTD_count_2segments,0x49,zstd
452,16,HIST_count_parallel_wksp,0xef,zstd
453,16,HUF_compress1X_usingCTable_internal.isra.0,0xbc8,zstd
454,16,HUF_compress1X_usingCTable_internal.isra.0,0xbcf,zstd
455,16,ZSTD_XXH64_update,0x8b,zstd
456,16,ZSTD_compressBlock_doubleFast,0x139f,zstd
457,16,ZSTD_compressBlock_doubleFast,0x1e51,zstd
458,16,ZSTD_compressBlock_doubleFast,0x2445,zstd
459,16,ZSTD_compressBlock_doubleFast_extDict_generic,0x2b4,zstd
460,16,ZSTD_compressBlock_doubleFast_extDict_generic,0x5a4,zstd
461,16,ZSTD_compressBlock_doubleFast_extDict_generic,0x5b1,zstd
462,16,ZSTD_compressBlock_doubleFast_extDict_generic,0x7ee,zstd
463,16,ZSTD_encodeSequences,0x391,zstd
464,16,filemap_read,0x2fa,[kernel.kallsyms]
465,15,FSE_buildCTable_wksp,0x180,zstd
466,15,HIST_count_parallel_wksp,0xa7,zstd
467,15,HIST_count_parallel_wksp,0xaa,zstd
468,15,HIST_count_parallel_wksp,0x11a,zstd
469,15,ZSTD_XXH64_update,0x87,zstd
470,15,ZSTD_XXH64_update,0x9d,zstd
471,15,ZSTD_compressBlock_doubleFast,0xae9,zstd
472,15,ZSTD_compressBlock_doubleFast,0xbe8,zstd
473,15,ZSTD_compressBlock_doubleFast,0x137a,zstd
474,15,ZSTD_compressBlock_doubleFast,0x1e5e,zstd
475,15,ZSTD_compressBlock_doubleFast,0x2525,zstd
476,15,ZSTD_compressBlock_doubleFast_extDict_generic,0x303,zstd
477,15,ZSTD_compressBlock_doubleFast_extDict_generic,0x333,zstd
478,15,ZSTD_compressBlock_doubleFast_extDict_generic,0x508,zstd
479,15,ZSTD_compressBlock_doubleFast_extDict_generic,0x7ce,zstd
480,15,ZSTD_compressBlock_doubleFast_extDict_generic,0x906,zstd
481,15,ZSTD_count_2segments,0x0,zstd
482,15,ZSTD_recordFingerprint_43,0x60,zstd
483,15,ZSTD_splitBlock,0x136,zstd
484,14,HIST_count_parallel_wksp,0xe4,zstd
485,14,HIST_count_parallel_wksp,0x134,zstd
486,14,HIST_count_parallel_wksp,0x152,zstd
487,14,HUF_buildCTable_wksp,0x3a1,zstd
488,14,HUF_compress1X_usingCTable_internal.isra.0,0x5e7,zstd
489,14,HUF_compress1X_usingCTable_internal.isra.0,0x64f,zstd
490,14,HUF_compress1X_usingCTable_internal.isra.0,0xc25,zstd
491,14,HUF_compress1X_usingCTable_internal.isra.0,0xc30,zstd
492,14,ZSTD_compressBlock_doubleFast,0xadf,zstd
493,14,ZSTD_compressBlock_doubleFast,0xb60,zstd
494,14,ZSTD_compressBlock_doubleFast,0xb9b,zstd
495,14,ZSTD_compressBlock_doubleFast,0xc03,zstd
496,14,ZSTD_compressBlock_doubleFast,0x1e4d,zstd
497,14,ZSTD_compressBlock_doubleFast,0x2680,zstd
498,14,ZSTD_compressBlock_doubleFast_extDict_generic,0x24c,zstd
499,14,ZSTD_compressBlock_doubleFast_extDict_generic,0x2aa,zstd
500,14,ZSTD_compressBlock_doubleFast_extDict_generic,0x354,zstd
501,14,ZSTD_compressBlock_doubleFast_extDict_generic,0x886,zstd
502,14,ZSTD_compressBlock_doubleFast_extDict_generic,0x9dc,zstd
503,14,ZSTD_recordFingerprint_43,0x35,zstd
504,14,__free_one_page,0x701,[kernel.kallsyms]
505,13,HIST_count_parallel_wksp,0xa4,zstd
506,13,HUF_compress1X_usingCTable_internal.isra.0,0x3ec,zstd
507,13,HUF_compress1X_usingCTable_internal.isra.0,0x5ee,zstd
508,13,HUF_compress1X_usingCTable_internal.isra.0,0xc33,zstd
509,13,ZSTD_XXH64_update,0xe8,zstd
510,13,ZSTD_compressBlock_doubleFast,0xad2,zstd
511,13,ZSTD_compressBlock_doubleFast,0x1cf8,zstd
512,13,ZSTD_compressBlock_doubleFast,0x2434,zstd
513,13,ZSTD_compressBlock_doubleFast,0x2559,zstd
514,13,ZSTD_compressBlock_doubleFast,0x2bfe,zstd
515,13,ZSTD_compressBlock_doubleFast_extDict_generic,0x2a7,zstd
516,13,ZSTD_count_2segments,0xc,zstd
517,13,ZSTD_count_2segments,0x29,zstd
518,13,ZSTD_count_2segments,0x140,zstd
519,13,ZSTD_splitBlock,0x122,zstd
520,13,ZSTD_splitBlock,0x128,zstd
521,12,FSE_buildCTable_wksp,0x188,zstd
522,12,FSE_buildCTable_wksp,0x34e,zstd
523,12,HUF_buildCTable_wksp,0x747,zstd
524,12,HUF_compress1X_usingCTable_internal.isra.0,0xbd2,zstd
525,12,HUF_compress1X_usingCTable_internal.isra.0,0xc0c,zstd
526,12,ZSTD_compressBlock_doubleFast,0xb33,zstd
527,12,ZSTD_compressBlock_doubleFast,0xb95,zstd
528,12,ZSTD_compressBlock_doubleFast,0x13ac,zstd
529,12,ZSTD_compressBlock_doubleFast,0x13be,zstd
530,12,ZSTD_compressBlock_doubleFast,0x19ce,zstd
531,12,ZSTD_compressBlock_doubleFast,0x2520,zstd
532,12,ZSTD_compressBlock_doubleFast_extDict_generic,0x2c8,zstd
533,12,ZSTD_compressBlock_doubleFast_extDict_generic,0x449,zstd
534,12,ZSTD_compressBlock_doubleFast_extDict_generic,0x7d2,zstd
535,12,ZSTD_compressBlock_doubleFast_extDict_generic,0x898,zstd
536,12,ZSTD_count_2segments,0x70,zstd
537,12,ZSTD_count_2segments,0x118,zstd
538,12,ZSTD_splitBlock,0x120,zstd
539,12,ZSTD_splitBlock,0x12c,zstd
540,12,ZSTD_splitBlock,0x133,zstd
541,12,ZSTD_splitBlock,0x141,zstd
542,12,native_write_msr,0xb,[kernel.kallsyms]
543,11,FSE_buildCTable_wksp,0x163,zstd
544,11,HIST_count_parallel_wksp,0xb3,zstd
545,11,HIST_count_parallel_wksp,0xd5,zstd
546,11,HIST_count_parallel_wksp,0x137,zstd
547,11,HUF_buildCTable_wksp,0x36c,zstd
548,11,HUF_compress1X_usingCTable_internal.isra.0,0x5e3,zstd
549,11,HUF_compress1X_usingCTable_internal.isra.0,0xc20,zstd
550,11,HUF_compress1X_usingCTable_internal.isra.0,0xc52,zstd
551,11,ZSTD_compressBlock_doubleFast,0xb9e,zstd
552,11,ZSTD_compressBlock_doubleFast,0xc0f,zstd
553,11,ZSTD_compressBlock_doubleFast,0xc19,zstd
554,11,ZSTD_compressBlock_doubleFast,0x255f,zstd
555,11,ZSTD_compressBlock_doubleFast_extDict_generic,0x4d5,zstd
556,11,ZSTD_compressBlock_doubleFast_extDict_generic,0x879,zstd
557,11,ZSTD_compressBlock_doubleFast_extDict_generic,0x90b,zstd
558,11,ZSTD_compressBlock_doubleFast_extDict_generic,0x9ea,zstd
559,11,ZSTD_splitBlock,0x13d,zstd
560,11,ZSTD_splitBlock,0x147,zstd
561,11,__memset_avx2_unaligned_erms,0xd3,libc.so.6
562,11,_raw_spin_lock_irq,0x21,[kernel.kallsyms]
563,11,xas_load,0x63,[kernel.kallsyms]
564,10,FSE_buildCTable_wksp,0x160,zstd
565,10,HIST_count_parallel_wksp,0xc1,zstd
566,10,HIST_count_parallel_wksp,0xec,zstd
567,10,HIST_count_parallel_wksp,0x117,zstd
568,10,HIST_count_parallel_wksp,0x24c,zstd
569,10,HUF_buildCTable_wksp,0x365,zstd
570,10,HUF_compress1X_usingCTable_internal.isra.0,0xbd8,zstd
571,10,HUF_compress1X_usingCTable_internal.isra.0,0xc7b,zstd
572,10,ZSTD_compressBlock_doubleFast,0xc15,zstd
573,10,ZSTD_compressBlock_doubleFast,0xc26,zstd
574,10,ZSTD_compressBlock_doubleFast,0x13ed,zstd
575,10,ZSTD_compressBlock_doubleFast,0x2530,zstd
576,10,ZSTD_compressBlock_doubleFast,0x2562,zstd
577,10,ZSTD_compressBlock_doubleFast,0x2577,zstd
578,10,ZSTD_compressBlock_doubleFast_extDict_generic,0x45a,zstd
579,10,ZSTD_compressBlock_doubleFast_extDict_generic,0x4f0,zstd
580,10,ZSTD_compressBlock_doubleFast_extDict_generic,0x51c,zstd
581,10,ZSTD_compressBlock_doubleFast_extDict_generic,0x5ae,zstd
582,10,ZSTD_compressBlock_doubleFast_extDict_generic,0x797,zstd
583,10,ZSTD_compressBlock_doubleFast_extDict_generic,0xa56,zstd
584,10,sync_regs,0x0,[kernel.kallsyms]
585,9,HIST_count_parallel_wksp,0xb9,zstd
586,9,HIST_count_parallel_wksp,0xc4,zstd
587,9,HUF_compress1X_usingCTable_internal.isra.0,0x3ef,zstd
588,9,HUF_compress1X_usingCTable_internal.isra.0,0x3f2,zstd
589,9,HUF_compress1X_usingCTable_internal.isra.0,0x5e0,zstd
590,9,HUF_compress1X_usingCTable_internal.isra.0,0x644,zstd
591,9,HUF_compress1X_usingCTable_internal.isra.0,0x648,zstd
592,9,HUF_compress1X_usingCTable_internal.isra.0,0x66f,zstd
593,9,HUF_compress1X_usingCTable_internal.isra.0,0xbf4,zstd
594,9,HUF_compress1X_usingCTable_internal.isra.0,0xbff,zstd
595,9,ZSTD_compressBlock_doubleFast,0xb1c,zstd
596,9,ZSTD_compressBlock_doubleFast,0xb3b,zstd
597,9,ZSTD_compressBlock_doubleFast,0xb72,zstd
598,9,ZSTD_compressBlock_doubleFast,0xb7c,zstd
599,9,ZSTD_compressBlock_doubleFast,0xd01,zstd
600,9,ZSTD_compressBlock_doubleFast,0x1c9a,zstd
601,9,ZSTD_compressBlock_doubleFast,0x2448,zstd
602,9,ZSTD_compressBlock_doubleFast,0x24fc,zstd
603,9,ZSTD_compressBlock_doubleFast_extDict_generic,0x22f,zstd
604,9,ZSTD_compressBlock_doubleFast_extDict_generic,0x294,zstd
605,9,ZSTD_compressBlock_doubleFast_extDict_generic,0x438,zstd
606,9,ZSTD_compressBlock_doubleFast_extDict_generic,0x466,zstd
607,9,ZSTD_compressBlock_doubleFast_extDict_generic,0x4b9,zstd
608,9,ZSTD_compressBlock_doubleFast_extDict_generic,0x9a3,zstd
609,9,ZSTD_count_2segments,0x60,zstd
610,9,ZSTD_seqToCodes,0x6d,zstd
611,9,ZSTD_splitBlock,0x139,zstd
612,9,__folio_batch_add_and_move,0x1c,[kernel.kallsyms]
613,9,__raw_spin_lock_irqsave,0x27,[kernel.kallsyms]
614,9,filemap_read,0x251,[kernel.kallsyms]
615,9,get_mem_cgroup_from_mm,0x33,[kernel.kallsyms]
616,9,mod_memcg_lruvec_state,0x5b,[kernel.kallsyms]
617,9,native_apic_msr_eoi,0x9,[kernel.kallsyms]
618,8,FSE_buildCTable_wksp,0x34b,zstd
619,8,HIST_count_parallel_wksp,0xa0,zstd
620,8,HIST_count_parallel_wksp,0xcd,zstd
621,8,HUF_buildCTable_wksp,0x350,zstd
622,8,HUF_compress1X_usingCTable_internal.isra.0,0x452,zstd
623,8,HUF_compress1X_usingCTable_internal.isra.0,0x474,zstd
624,8,HUF_compress1X_usingCTable_internal.isra.0,0x652,zstd
625,8,HUF_compress1X_usingCTable_internal.isra.0,0x658,zstd
626,8,HUF_compress1X_usingCTable_internal.isra.0,0xbef,zstd
627,8,HUF_compress1X_usingCTable_internal.isra.0,0xc43,zstd
628,8,HUF_compress1X_usingCTable_internal.isra.0,0xc5d,zstd
629,8,ZSTD_XXH64_update,0xbb,zstd
630,8,ZSTD_XXH64_update,0xce,zstd
631,8,ZSTD_XXH64_update,0xee,zstd
632,8,ZSTD_compressBlock_doubleFast,0xaee,zstd
633,8,ZSTD_compressBlock_doubleFast,0xb0b,zstd
634,8,ZSTD_compressBlock_doubleFast,0xba1,zstd
635,8,ZSTD_compressBlock_doubleFast,0xbab,zstd
636,8,ZSTD_compressBlock_doubleFast,0x1382,zstd
637,8,ZSTD_compressBlock_doubleFast,0x2454,zstd
638,8,ZSTD_compressBlock_doubleFast,0x24ea,zstd
639,8,ZSTD_compressBlock_doubleFast,0x2c24,zstd
640,8,ZSTD_compressBlock_doubleFast,0x2d80,zstd
641,8,ZSTD_compressBlock_doubleFast_extDict_generic,0x267,zstd
642,8,ZSTD_compressBlock_doubleFast_extDict_generic,0x2eb,zstd
643,8,ZSTD_compressBlock_doubleFast_extDict_generic,0x4a3,zstd
644,8,ZSTD_compressBlock_doubleFast_extDict_generic,0x7b0,zstd
645,8,ZSTD_compressBlock_doubleFast_extDict_generic,0x8c7,zstd
646,8,ZSTD_compressLiterals,0x8b,zstd
647,8,find_lock_entries,0xae,[kernel.kallsyms]
648,8,native_read_msr,0x2,[kernel.kallsyms]
649,8,xas_load,0x3a,[kernel.kallsyms]
650,7,FSE_buildCTable_wksp,0x340,zstd
651,7,HIST_count_parallel_wksp,0xf8,zstd
652,7,HIST_count_parallel_wksp,0x109,zstd
653,7,HIST_count_parallel_wksp,0x10c,zstd
654,7,HIST_count_parallel_wksp,0x13a,zstd
655,7,HIST_count_parallel_wksp,0x142,zstd
656,7,HIST_count_simple,0x40,zstd
657,7,HUF_buildCTable_wksp,0x167,zstd
658,7,HUF_buildCTable_wksp,0x7cc,zstd
659,7,HUF_compress1X_usingCTable_internal.isra.0,0x3e4,zstd
660,7,HUF_compress1X_usingCTable_internal.isra.0,0x3e8,zstd
661,7,HUF_compress1X_usingCTable_internal.isra.0,0x405,zstd
662,7,HUF_compress1X_usingCTable_internal.isra.0,0x458,zstd
663,7,HUF_compress1X_usingCTable_internal.isra.0,0x5f1,zstd
664,7,HUF_compress1X_usingCTable_internal.isra.0,0x640,zstd
665,7,HUF_compress1X_usingCTable_internal.isra.0,0xba2,zstd
666,7,HUF_compress1X_usingCTable_internal.isra.0,0xbb5,zstd
667,7,HUF_compress1X_usingCTable_internal.isra.0,0xbe9,zstd
668,7,HUF_compress1X_usingCTable_internal.isra.0,0xc36,zstd
669,7,HUF_compress1X_usingCTable_internal.isra.0,0xc47,zstd
670,7,HUF_compress_internal,0x4e4,zstd
671,7,HUF_simpleQuickSort,0x84,zstd
672,7,HUF_simpleQuickSort,0xad,zstd
673,7,ZSTD_compressBlock_doubleFast,0xae3,zstd
674,7,ZSTD_compressBlock_doubleFast,0xb01,zstd
675,7,ZSTD_compressBlock_doubleFast,0xc64,zstd
676,7,ZSTD_compressBlock_doubleFast,0x13d9,zstd
677,7,ZSTD_compressBlock_doubleFast,0x1c9e,zstd
678,7,ZSTD_compressBlock_doubleFast,0x1caa,zstd
679,7,ZSTD_compressBlock_doubleFast,0x1cb3,zstd
680,7,ZSTD_compressBlock_doubleFast,0x2513,zstd
681,7,ZSTD_compressBlock_doubleFast_extDict_generic,0x2a3,zstd
682,7,ZSTD_compressBlock_doubleFast_extDict_generic,0x2ad,zstd
683,7,ZSTD_compressBlock_doubleFast_extDict_generic,0x473,zstd
684,7,ZSTD_compressBlock_doubleFast_extDict_generic,0x4be,zstd
685,7,ZSTD_compressBlock_doubleFast_extDict_generic,0x7ea,zstd
686,7,ZSTD_count_2segments,0x5d,zstd
687,7,ZSTD_count_2segments,0x66,zstd
688,7,ZSTD_count_2segments,0x143,zstd
689,7,[unknown],,[kernel.kallsyms]
690,7,__cgroup_account_cputime_field,0x31,[kernel.kallsyms]
691,7,_raw_spin_trylock,0x17,[kernel.kallsyms]
692,7,cpuacct_account_field,0xc,[kernel.kallsyms]
693,7,fpregs_assert_state_consistent,0x41,[kernel.kallsyms]
694,7,read_tsc,0x0,[kernel.kallsyms]
695,7,timerqueue_add,0x3b,[kernel.kallsyms]
696,6,FSE_buildCTable_wksp,0x167,zstd
697,6,FSE_buildCTable_wksp,0x175,zstd
698,6,FSE_buildCTable_wksp,0x182,zstd
699,6,FSE_normalizeCount,0xff,zstd
700,6,FSE_writeNCount_generic,0x7b,zstd
701,6,FSE_writeNCount_generic,0xc0,zstd
702,6,HIST_count_parallel_wksp,0xde,zstd
703,6,HIST_count_parallel_wksp,0xe1,zstd
704,6,HIST_count_parallel_wksp,0x1e4,zstd
705,6,HUF_buildCTable_wksp,0xc2,zstd
706,6,HUF_buildCTable_wksp,0x13a,zstd
707,6,HUF_buildCTable_wksp,0x3be,zstd
708,6,HUF_compress1X_usingCTable_internal.isra.0,0x448,zstd
709,6,HUF_compress1X_usingCTable_internal.isra.0,0xbda,zstd
710,6,HUF_compress1X_usingCTable_internal.isra.0,0xbe3,zstd
711,6,HUF_compress1X_usingCTable_internal.isra.0,0xbe6,zstd
712,6,HUF_compress1X_usingCTable_internal.isra.0,0xc73,zstd
713,6,HUF_simpleQuickSort,0x82,zstd
714,6,ZSTD_XXH64_update,0x9a,zstd
715,6,ZSTD_compressBlock_doubleFast,0xad5,zstd
716,6,ZSTD_compressBlock_doubleFast,0x12c1,zstd
717,6,ZSTD_compressBlock_doubleFast,0x138a,zstd
718,6,ZSTD_compressBlock_doubleFast,0x1396,zstd
719,6,ZSTD_compressBlock_doubleFast,0x139a,zstd
720,6,ZSTD_compressBlock_doubleFast,0x1401,zstd
721,6,ZSTD_compressBlock_doubleFast,0x1e69,zstd
722,6,ZSTD_compressBlock_doubleFast,0x2552,zstd
723,6,ZSTD_compressBlock_doubleFast,0x2c02,zstd
724,6,ZSTD_compressBlock_doubleFast_extDict_generic,0x2f0,zstd
725,6,ZSTD_compressBlock_doubleFast_extDict_generic,0x44e,zstd
726,6,ZSTD_compressBlock_doubleFast_extDict_generic,0x45e,zstd
727,6,ZSTD_compressBlock_doubleFast_extDict_generic,0x485,zstd
728,6,ZSTD_compressBlock_doubleFast_extDict_generic,0x4d9,zstd
729,6,ZSTD_compressBlock_doubleFast_extDict_generic,0x4e6,zstd
730,6,ZSTD_compressBlock_doubleFast_extDict_generic,0x4ea,zstd
731,6,ZSTD_compressBlock_doubleFast_extDict_generic,0x60d,zstd
732,6,ZSTD_compressBlock_doubleFast_extDict_generic,0x80c,zstd
733,6,ZSTD_compressBlock_doubleFast_extDict_generic,0x8a1,zstd
734,6,ZSTD_compressBlock_doubleFast_extDict_generic,0x8fd,zstd
735,6,ZSTD_compressBlock_doubleFast_extDict_generic,0x9be,zstd
736,6,ZSTD_compressBlock_doubleFast_extDict_generic,0x9cb,zstd
737,6,ZSTD_compressBlock_doubleFast_extDict_generic,0x9d8,zstd
738,6,ZSTD_compressBlock_doubleFast_extDict_generic,0xa05,zstd
739,6,ZSTD_seqToCodes,0x50,zstd
740,6,__memmove_avx_unaligned_erms,0xd,libc.so.6
741,6,__memmove_avx_unaligned_erms,0x307,libc.so.6
742,6,folio_unlock,0x5,[kernel.kallsyms]
743,6,ktime_get_update_offsets_now,0x92,[kernel.kallsyms]
744,6,lru_add,0x22,[kernel.kallsyms]
745,6,lruvec_stat_mod_folio,0x63,[kernel.kallsyms]
746,6,native_read_msr,0x4,[kernel.kallsyms]
747,6,shmem_add_to_page_cache,0x119,[kernel.kallsyms]
748,6,static_key_count,0x6,[kernel.kallsyms]
749,6,update_fast_timekeeper,0x9,[kernel.kallsyms]
750,5,FSE_buildCTable_wksp,0x184,zstd
751,5,FSE_buildCTable_wksp,0x344,zstd
752,5,FSE_normalizeCount,0xd0,zstd
753,5,FSE_normalizeCount,0xd7,zstd
754,5,FSE_writeNCount_generic,0xbb,zstd
755,5,HIST_count_parallel_wksp,0xb6,zstd
756,5,HUF_buildCTable_wksp,0x830,zstd
757,5,HUF_compress1X_usingCTable_internal.isra.0,0x3e0,zstd
758,5,HUF_compress1X_usingCTable_internal.isra.0,0x440,zstd
759,5,HUF_compress1X_usingCTable_internal.isra.0,0x44f,zstd
760,5,HUF_compress1X_usingCTable_internal.isra.0,0x49c,zstd
761,5,HUF_compress1X_usingCTable_internal.isra.0,0x690,zstd
762,5,HUF_compress1X_usingCTable_internal.isra.0,0x698,zstd
763,5,HUF_compress1X_usingCTable_internal.isra.0,0xbfc,zstd
764,5,HUF_compress1X_usingCTable_internal.isra.0,0xc17,zstd
765,5,HUF_compress1X_usingCTable_internal.isra.0,0xc39,zstd
766,5,HUF_compress1X_usingCTable_internal.isra.0,0xc4b,zstd
767,5,HUF_compress1X_usingCTable_internal.isra.0,0xc60,zstd
768,5,ZSTD_XXH64_update,0xdc,zstd
769,5,ZSTD_compressBlock_doubleFast,0xc22,zstd
770,5,ZSTD_compressBlock_doubleFast,0x1377,zstd
771,5,ZSTD_compressBlock_doubleFast,0x137e,zstd
772,5,ZSTD_compressBlock_doubleFast,0x138e,zstd
773,5,ZSTD_compressBlock_doubleFast,0x19dc,zstd
774,5,ZSTD_compressBlock_doubleFast,0x1ce3,zstd
775,5,ZSTD_compressBlock_doubleFast,0x244e,zstd
776,5,ZSTD_compressBlock_doubleFast,0x2501,zstd
777,5,ZSTD_compressBlock_doubleFast,0x254d,zstd
778,5,ZSTD_compressBlock_doubleFast,0x2555,zstd
779,5,ZSTD_compressBlock_doubleFast,0x255c,zstd
780,5,ZSTD_compressBlock_doubleFast,0x256f,zstd
781,5,ZSTD_compressBlock_doubleFast_extDict_generic,0x23f,zstd
782,5,ZSTD_compressBlock_doubleFast_extDict_generic,0x270,zstd
783,5,ZSTD_compressBlock_doubleFast_extDict_generic,0x29e,zstd
784,5,ZSTD_compressBlock_doubleFast_extDict_generic,0x2de,zstd
785,5,ZSTD_compressBlock_doubleFast_extDict_generic,0x46b,zstd
786,5,ZSTD_compressBlock_doubleFast_extDict_generic,0x47a,zstd
787,5,ZSTD_compressBlock_doubleFast_extDict_generic,0x482,zstd
788,5,ZSTD_compressBlock_doubleFast_extDict_generic,0x4d1,zstd
789,5,ZSTD_compressBlock_doubleFast_extDict_generic,0x7a3,zstd
790,5,ZSTD_compressBlock_doubleFast_extDict_generic,0x8bc,zstd
791,5,ZSTD_compressBlock_doubleFast_extDict_generic,0x90e,zstd
792,5,ZSTD_compressBlock_doubleFast_extDict_generic,0xa16,zstd
793,5,ZSTD_count_2segments,0x36,zstd
794,5,ZSTD_count_2segments,0x69,zstd
795,5,__rcu_read_unlock,0xd,[kernel.kallsyms]
796,5,_copy_to_iter,0x88,[kernel.kallsyms]
797,5,_copy_to_iter,0x96,[kernel.kallsyms]
798,5,account_user_time,0x11,[kernel.kallsyms]
799,5,filemap_remove_folio,0xa6,[kernel.kallsyms]
800,5,find_lock_entries,0xbd,[kernel.kallsyms]
801,5,notifier_call_chain,0x4a,[kernel.kallsyms]
802,5,tick_do_update_jiffies64,0x5,[kernel.kallsyms]
803,5,update_cfs_group,0x45,[kernel.kallsyms]
804,4,FSE_buildCTable_wksp,0xce,zstd
805,4,FSE_buildCTable_wksp,0x16a,zstd
806,4,FSE_buildCTable_wksp,0x18e,zstd
807,4,FSE_buildCTable_wksp,0x363,zstd
808,4,FSE_buildCTable_wksp,0x3bb,zstd
809,4,FSE_buildCTable_wksp,0x3d4,zstd
810,4,FSE_writeNCount_generic,0x60,zstd
811,4,HUF_buildCTable_wksp,0x1a7,zstd
812,4,HUF_buildCTable_wksp,0x35d,zstd
813,4,HUF_buildCTable_wksp,0x5be,zstd
814,4,HUF_buildCTable_wksp,0x7c8,zstd
815,4,HUF_buildCTable_wksp,0x827,zstd
816,4,HUF_buildCTable_wksp,0x83b,zstd
817,4,HUF_compress1X_usingCTable_internal.isra.0,0x41e,zstd
818,4,HUF_compress1X_usingCTable_internal.isra.0,0x42e,zstd
819,4,HUF_compress1X_usingCTable_internal.isra.0,0x5fd,zstd
820,4,HUF_compress1X_usingCTable_internal.isra.0,0x615,zstd
821,4,HUF_compress1X_usingCTable_internal.isra.0,0x62a,zstd
822,4,HUF_compress1X_usingCTable_internal.isra.0,0x664,zstd
823,4,HUF_compress1X_usingCTable_internal.isra.0,0x67a,zstd
824,4,HUF_compress1X_usingCTable_internal.isra.0,0x694,zstd
825,4,HUF_compress1X_usingCTable_internal.isra.0,0xbf2,zstd
826,4,HUF_compress1X_usingCTable_internal.isra.0,0xbfa,zstd
827,4,HUF_compress1X_usingCTable_internal.isra.0,0xc0f,zstd
828,4,HUF_compress1X_usingCTable_internal.isra.0,0xc57,zstd
829,4,HUF_compress1X_usingCTable_internal.isra.0,0xc5a,zstd
830,4,HUF_compress1X_usingCTable_internal.isra.0,0xc64,zstd
831,4,HUF_compress1X_usingCTable_internal.isra.0,0xc70,zstd
832,4,HUF_compress_internal,0x4fc,zstd
833,4,ZSTD_compressBlock_doubleFast,0xae7,zstd
834,4,ZSTD_compressBlock_doubleFast,0xb22,zstd
835,4,ZSTD_compressBlock_doubleFast,0xb4c,zstd
836,4,ZSTD_compressBlock_doubleFast,0xc20,zstd
837,4,ZSTD_compressBlock_doubleFast,0xc37,zstd
838,4,ZSTD_compressBlock_doubleFast,0xc3c,zstd
839,4,ZSTD_compressBlock_doubleFast,0xcb5,zstd
840,4,ZSTD_compressBlock_doubleFast,0xd0a,zstd
841,4,ZSTD_compressBlock_doubleFast,0x12ba,zstd
842,4,ZSTD_compressBlock_doubleFast,0x1387,zstd
843,4,ZSTD_compressBlock_doubleFast,0x13e9,zstd
844,4,ZSTD_compressBlock_doubleFast,0x13f9,zstd
845,4,ZSTD_compressBlock_doubleFast,0x1c0f,zstd
846,4,ZSTD_compressBlock_doubleFast,0x1caf,zstd
847,4,ZSTD_compressBlock_doubleFast,0x1e64,zstd
848,4,ZSTD_compressBlock_doubleFast,0x2168,zstd
849,4,ZSTD_compressBlock_doubleFast,0x24ed,zstd
850,4,ZSTD_compressBlock_doubleFast,0x250e,zstd
851,4,ZSTD_compressBlock_doubleFast,0x252c,zstd
852,4,ZSTD_compressBlock_doubleFast,0x2607,zstd
853,4,ZSTD_compressBlock_doubleFast,0x2679,zstd
854,4,ZSTD_compressBlock_doubleFast,0x2685,zstd
855,4,ZSTD_compressBlock_doubleFast_extDict_generic,0x1db,zstd
856,4,ZSTD_compressBlock_doubleFast_extDict_generic,0x27d,zstd
857,4,ZSTD_compressBlock_doubleFast_extDict_generic,0x43d,zstd
858,4,ZSTD_compressBlock_doubleFast_extDict_generic,0x445,zstd
859,4,ZSTD_compressBlock_doubleFast_extDict_generic,0x476,zstd
860,4,ZSTD_compressBlock_doubleFast_extDict_generic,0x47f,zstd
861,4,ZSTD_compressBlock_doubleFast_extDict_generic,0x4ad,zstd
862,4,ZSTD_compressBlock_doubleFast_extDict_generic,0x4b1,zstd
863,4,ZSTD_compressBlock_doubleFast_extDict_generic,0x82d,zstd
864,4,ZSTD_compressBlock_doubleFast_extDict_generic,0x894,zstd
865,4,ZSTD_compressBlock_doubleFast_extDict_generic,0x9f2,zstd
866,4,ZSTD_compressBlock_doubleFast_extDict_generic,0xa6f,zstd
867,4,ZSTD_compressBlock_doubleFast_extDict_generic,0xac0,zstd
868,4,ZSTD_compressBlock_doubleFast_extDict_generic,0xac4,zstd
869,4,ZSTD_compressContinue_internal,0x29e,zstd
870,4,ZSTD_count_2segments,0x108,zstd
871,4,__hrtimer_run_queues,0xc9,[kernel.kallsyms]
872,4,__memmove_avx_unaligned_erms,0x1a9,libc.so.6
873,4,__next_zones_zonelist,0x14,[kernel.kallsyms]
874,4,__srcu_read_unlock,0xd,[kernel.kallsyms]
875,4,_copy_to_iter,0x91,[kernel.kallsyms]
876,4,account_user_time,0x85,[kernel.kallsyms]
877,4,entry_SYSCALL_64,0x0,[kernel.kallsyms]
878,4,fdget_pos,0x45,[kernel.kallsyms]
879,4,filemap_remove_folio,0x5,[kernel.kallsyms]
880,4,find_lock_entries,0x2c1,[kernel.kallsyms]
881,4,folio_batch_move_lru,0x67,[kernel.kallsyms]
882,4,ktime_get,0x10,[kernel.kallsyms]
883,4,ktime_get_update_offsets_now,0x42,[kernel.kallsyms]
884,4,lru_add,0x1c,[kernel.kallsyms]
885,4,lru_gen_add_folio,0xfd,[kernel.kallsyms]
886,4,memmove@plt,0x4,zstd
887,4,mod_memcg_lruvec_state,0x46,[kernel.kallsyms]
888,4,noop_dirty_folio,0x0,[kernel.kallsyms]
889,4,perf_adjust_freq_unthr_context,0x5,[kernel.kallsyms]
890,4,security_vm_enough_memory_mm,0x1b,[kernel.kallsyms]
891,4,static_key_count,0x12,[kernel.kallsyms]
892,4,update_curr,0x14,[kernel.kallsyms]
893,4,vfs_write,0xda,[kernel.kallsyms]
894,3,AIO_ReadPool_consumeBytes,0x4,zstd
895,3,FSE_buildCTable_wksp,0xc2,zstd
896,3,FSE_buildCTable_wksp,0xc6,zstd
897,3,FSE_buildCTable_wksp,0x2bf,zstd
898,3,FSE_buildCTable_wksp,0x356,zstd
899,3,FSE_buildCTable_wksp,0x39a,zstd
900,3,FSE_buildCTable_wksp,0x3e4,zstd
901,3,FSE_compress_usingCTable_generic,0x39d,zstd
902,3,FSE_normalizeCount,0x98,zstd
903,3,FSE_normalizeCount,0x116,zstd
904,3,FSE_normalizeCount,0x129,zstd
905,3,FSE_writeNCount_generic,0x8a,zstd
906,3,FSE_writeNCount_generic,0x9e,zstd
907,3,FSE_writeNCount_generic,0xcd,zstd
908,3,FSE_writeNCount_generic,0xdd,zstd
909,3,HIST_count_parallel_wksp,0x1c4,zstd
910,3,HIST_count_parallel_wksp,0x1d8,zstd
911,3,HIST_count_parallel_wksp,0x1ec,zstd
912,3,HIST_count_parallel_wksp,0x1f0,zstd
913,3,HIST_count_parallel_wksp,0x1f8,zstd
914,3,HIST_count_parallel_wksp,0x263,zstd
915,3,HUF_buildCTable_wksp,0x129,zstd
916,3,HUF_buildCTable_wksp,0x136,zstd
917,3,HUF_buildCTable_wksp,0x145,zstd
918,3,HUF_buildCTable_wksp,0x1a3,zstd
919,3,HUF_buildCTable_wksp,0x1b8,zstd
920,3,HUF_buildCTable_wksp,0x356,zstd
921,3,HUF_buildCTable_wksp,0x399,zstd
922,3,HUF_buildCTable_wksp,0x40b,zstd
923,3,HUF_buildCTable_wksp,0x44f,zstd
924,3,HUF_compress1X_usingCTable_internal.isra.0,0x3db,zstd
925,3,HUF_compress1X_usingCTable_internal.isra.0,0x40b,zstd
926,3,HUF_compress1X_usingCTable_internal.isra.0,0x415,zstd
927,3,HUF_compress1X_usingCTable_internal.isra.0,0x444,zstd
928,3,HUF_compress1X_usingCTable_internal.isra.0,0x462,zstd
929,3,HUF_compress1X_usingCTable_internal.isra.0,0x47a,zstd
930,3,HUF_compress1X_usingCTable_internal.isra.0,0x498,zstd
931,3,HUF_compress1X_usingCTable_internal.isra.0,0x4a2,zstd
932,3,HUF_compress1X_usingCTable_internal.isra.0,0x5d5,zstd
933,3,HUF_compress1X_usingCTable_internal.isra.0,0x5f9,zstd
934,3,HUF_compress1X_usingCTable_internal.isra.0,0x601,zstd
935,3,HUF_compress1X_usingCTable_internal.isra.0,0x60a,zstd
936,3,HUF_compress1X_usingCTable_internal.isra.0,0x618,zstd
937,3,HUF_compress1X_usingCTable_internal.isra.0,0x621,zstd
938,3,HUF_compress1X_usingCTable_internal.isra.0,0x624,zstd
939,3,HUF_compress1X_usingCTable_internal.isra.0,0x630,zstd
940,3,HUF_compress1X_usingCTable_internal.isra.0,0x65a,zstd
941,3,HUF_compress1X_usingCTable_internal.isra.0,0x66c,zstd
942,3,HUF_compress1X_usingCTable_internal.isra.0,0x677,zstd
943,3,HUF_compress1X_usingCTable_internal.isra.0,0x67d,zstd
944,3,HUF_compress1X_usingCTable_internal.isra.0,0x69e,zstd
945,3,HUF_compress1X_usingCTable_internal.isra.0,0xbaa,zstd
946,3,HUF_compress1X_usingCTable_internal.isra.0,0xbd5,zstd
947,3,HUF_compress1X_usingCTable_internal.isra.0,0xbdf,zstd
948,3,HUF_compress1X_usingCTable_internal.isra.0,0xbec,zstd
949,3,HUF_compress1X_usingCTable_internal.isra.0,0xc03,zstd
950,3,HUF_compress1X_usingCTable_internal.isra.0,0xc06,zstd
951,3,HUF_compress1X_usingCTable_internal.isra.0,0xc12,zstd
952,3,HUF_compress1X_usingCTable_internal.isra.0,0xc3b,zstd
953,3,HUF_compress1X_usingCTable_internal.isra.0,0xc55,zstd
954,3,HUF_compress1X_usingCTable_internal.isra.0,0xc6b,zstd
955,3,HUF_compress1X_usingCTable_internal.isra.0,0xc7e,zstd
956,3,HUF_compress1X_usingCTable_internal.isra.0,0xc81,zstd
957,3,HUF_compress_internal,0x33c,zstd
958,3,HUF_compress_internal,0x500,zstd
959,3,HUF_simpleQuickSort,0x92,zstd
960,3,HUF_simpleQuickSort,0x9e,zstd
961,3,HUF_simpleQuickSort,0x140,zstd
962,3,HUF_writeCTable_wksp,0x12d,zstd
963,3,ZSTD_XXH64_update,0xc6,zstd
964,3,ZSTD_compressBlock_doubleFast,0xafc,zstd
965,3,ZSTD_compressBlock_doubleFast,0xb12,zstd
966,3,ZSTD_compressBlock_doubleFast,0xb79,zstd
967,3,ZSTD_compressBlock_doubleFast,0xc67,zstd
968,3,ZSTD_compressBlock_doubleFast,0xcfe,zstd
969,3,ZSTD_compressBlock_doubleFast,0x132b,zstd
970,3,ZSTD_compressBlock_doubleFast,0x132d,zstd
971,3,ZSTD_compressBlock_doubleFast,0x133d,zstd
972,3,ZSTD_compressBlock_doubleFast,0x1366,zstd
973,3,ZSTD_compressBlock_doubleFast,0x13f5,zstd
974,3,ZSTD_compressBlock_doubleFast,0x1cb7,zstd
975,3,ZSTD_compressBlock_doubleFast,0x1cc2,zstd
976,3,ZSTD_compressBlock_doubleFast,0x1ce8,zstd
977,3,ZSTD_compressBlock_doubleFast,0x1e55,zstd
978,3,ZSTD_compressBlock_doubleFast,0x1e58,zstd
979,3,ZSTD_compressBlock_doubleFast,0x22af,zstd
980,3,ZSTD_compressBlock_doubleFast,0x2457,zstd
981,3,ZSTD_compressBlock_doubleFast,0x24e5,zstd
982,3,ZSTD_compressBlock_doubleFast,0x2504,zstd
983,3,ZSTD_compressBlock_doubleFast,0x251c,zstd
984,3,ZSTD_compressBlock_doubleFast,0x2533,zstd
985,3,ZSTD_compressBlock_doubleFast,0x253f,zstd
986,3,ZSTD_compressBlock_doubleFast,0x2573,zstd
987,3,ZSTD_compressBlock_doubleFast,0x25ee,zstd
988,3,ZSTD_compressBlock_doubleFast,0x2c10,zstd
989,3,ZSTD_compressBlock_doubleFast_extDict_generic,0x1e6,zstd
990,3,ZSTD_compressBlock_doubleFast_extDict_generic,0x2b0,zstd
991,3,ZSTD_compressBlock_doubleFast_extDict_generic,0x2e5,zstd
992,3,ZSTD_compressBlock_doubleFast_extDict_generic,0x2fa,zstd
993,3,ZSTD_compressBlock_doubleFast_extDict_generic,0x48f,zstd
994,3,ZSTD_compressBlock_doubleFast_extDict_generic,0x49f,zstd
995,3,ZSTD_compressBlock_doubleFast_extDict_generic,0x645,zstd
996,3,ZSTD_compressBlock_doubleFast_extDict_generic,0x7d5,zstd
997,3,ZSTD_compressBlock_doubleFast_extDict_generic,0x7e5,zstd
998,3,ZSTD_compressBlock_doubleFast_extDict_generic,0x8dc,zstd
999,3,ZSTD_compressBlock_doubleFast_extDict_generic,0xb51,zstd
1000,3,ZSTD_compressBlock_internal,0xd8,zstd
1001,3,ZSTD_compressStream2,0x4ea,zstd
1002,3,ZSTD_count_2segments,0xf,zstd
1003,3,ZSTD_count_2segments,0x119,zstd
1004,3,__css_rstat_updated,0x0,[kernel.kallsyms]
1005,3,__css_rstat_updated,0x44,[kernel.kallsyms]
1006,3,__kmalloc_noprof,0x107,[kernel.kallsyms]
1007,3,__memmove_avx_unaligned_erms,0xe4,libc.so.6
1008,3,__next_zones_zonelist,0x1e,[kernel.kallsyms]
1009,3,__rcu_read_lock,0x25,[kernel.kallsyms]
1010,3,__srcu_read_lock,0x6,[kernel.kallsyms]
1011,3,__srcu_read_lock,0xc,[kernel.kallsyms]
1012,3,__srcu_read_lock,0x10,[kernel.kallsyms]
1013,3,_find_first_bit,0x1d,[kernel.kallsyms]
1014,3,account_user_time,0x22,[kernel.kallsyms]
1015,3,arch_scale_freq_tick,0x38,[kernel.kallsyms]
1016,3,arch_scale_freq_tick,0xc0,[kernel.kallsyms]
1017,3,asm_sysvec_apic_timer_interrupt,0x0,[kernel.kallsyms]
1018,3,btrfs_file_read_iter,0x0,[kernel.kallsyms]
1019,3,btrfs_file_read_iter,0x13,[kernel.kallsyms]
1020,3,calc_global_load_tick,0xd,[kernel.kallsyms]
1021,3,call_function_single_prep_ipi,0x46,[kernel.kallsyms]
1022,3,charge_memcg,0x3e,[kernel.kallsyms]
1023,3,charge_memcg,0x6a,[kernel.kallsyms]
1024,3,copy_page_to_iter,0x64,[kernel.kallsyms]
1025,3,cpuacct_charge,0x46,[kernel.kallsyms]
1026,3,find_lock_entries,0x13c,[kernel.kallsyms]
1027,3,folios_put_refs,0x8d,[kernel.kallsyms]
1028,3,fpregs_assert_state_consistent,0x28,[kernel.kallsyms]
1029,3,free_frozen_page_commit.isra.0,0x7e,[kernel.kallsyms]
1030,3,fwrite@plt,0x4,zstd
1031,3,get_mem_cgroup_from_mm,0x1f,[kernel.kallsyms]
1032,3,inode_to_bdi,0xe,[kernel.kallsyms]
1033,3,lruvec_stat_mod_folio,0x40,[kernel.kallsyms]
1034,3,mod_memcg_lruvec_state,0x105,[kernel.kallsyms]
1035,3,nohz_balancer_kick,0x35,[kernel.kallsyms]
1036,3,pvclock_gtod_notify,0x0,[kernel.kallsyms]
1037,3,pvclock_gtod_notify,0x5,[kernel.kallsyms]
1038,3,sched_balance_trigger,0x1a,[kernel.kallsyms]
1039,3,sched_clock_cpu,0xf,[kernel.kallsyms]
1040,3,sched_tick,0x92,[kernel.kallsyms]
1041,3,security_vm_enough_memory_mm,0x1f,[kernel.kallsyms]
1042,3,shmem_add_to_page_cache,0x3a,[kernel.kallsyms]
1043,3,shmem_get_folio_gfp,0x475,[kernel.kallsyms]
1044,3,shmem_write_end,0x58,[kernel.kallsyms]
1045,3,timekeeping_update_from_shadow,0xfc,[kernel.kallsyms]
1046,3,uncharge_folio,0x1f1,[kernel.kallsyms]
1047,3,update_vsyscall,0x14,[kernel.kallsyms]
1048,3,xas_clear_mark,0x58,[kernel.kallsyms]
1049,2,AIO_IOPool_enqueueJob,0x3,zstd
1050,2,AIO_ReadPool_fillBuffer,0x42,zstd
1051,2,AIO_WritePool_executeWriteJob,0x23,zstd
1052,2,FIO_compressFilename_srcFile,0x4d1,zstd
1053,2,FIO_compressFilename_srcFile,0x571,zstd
1054,2,FSE_buildCTable_wksp,0xdb,zstd
1055,2,FSE_buildCTable_wksp,0xe9,zstd
1056,2,FSE_buildCTable_wksp,0x195,zstd
1057,2,FSE_buildCTable_wksp,0x1bd,zstd
1058,2,FSE_buildCTable_wksp,0x2ed,zstd
1059,2,FSE_buildCTable_wksp,0x2ff,zstd
1060,2,FSE_buildCTable_wksp,0x351,zstd
1061,2,FSE_buildCTable_wksp,0x390,zstd
1062,2,FSE_buildCTable_wksp,0x3ae,zstd
1063,2,FSE_compress_usingCTable_generic,0x337,zstd
1064,2,FSE_compress_usingCTable_generic,0x398,zstd
1065,2,FSE_normalizeCount,0x10d,zstd
1066,2,FSE_normalizeCount,0x119,zstd
1067,2,FSE_normalizeCount,0x132,zstd
1068,2,FSE_normalizeCount,0x143,zstd
1069,2,FSE_normalizeCount,0x180,zstd
1070,2,FSE_writeNCount_generic,0x68,zstd
1071,2,FSE_writeNCount_generic,0xca,zstd
1072,2,FSE_writeNCount_generic,0xd2,zstd
1073,2,FSE_writeNCount_generic,0xf7,zstd
1074,2,FSE_writeNCount_generic,0xfb,zstd
1075,2,HIST_count_parallel_wksp,0x0,zstd
1076,2,HIST_count_parallel_wksp,0x1d0,zstd
1077,2,HIST_count_parallel_wksp,0x20c,zstd
1078,2,HIST_count_parallel_wksp,0x240,zstd
1079,2,HIST_count_simple,0x6b,zstd
1080,2,HUF_buildCTable_wksp,0xcf,zstd
1081,2,HUF_buildCTable_wksp,0xf5,zstd
1082,2,HUF_buildCTable_wksp,0x127,zstd
1083,2,HUF_buildCTable_wksp,0x187,zstd
1084,2,HUF_buildCTable_wksp,0x1b5,zstd
1085,2,HUF_buildCTable_wksp,0x37c,zstd
1086,2,HUF_buildCTable_wksp,0x3de,zstd
1087,2,HUF_buildCTable_wksp,0x41e,zstd
1088,2,HUF_buildCTable_wksp,0x447,zstd
1089,2,HUF_buildCTable_wksp,0x460,zstd
1090,2,HUF_buildCTable_wksp,0x5e0,zstd
1091,2,HUF_buildCTable_wksp,0x79e,zstd
1092,2,HUF_buildCTable_wksp,0x7de,zstd
1093,2,HUF_buildCTable_wksp,0x83d,zstd
1094,2,HUF_buildCTable_wksp,0x846,zstd
1095,2,HUF_compress1X_usingCTable_internal.isra.0,0x3f5,zstd
1096,2,HUF_compress1X_usingCTable_internal.isra.0,0x3fa,zstd
1097,2,HUF_compress1X_usingCTable_internal.isra.0,0x3ff,zstd
1098,2,HUF_compress1X_usingCTable_internal.isra.0,0x408,zstd
1099,2,HUF_compress1X_usingCTable_internal.isra.0,0x41a,zstd
1100,2,HUF_compress1X_usingCTable_internal.isra.0,0x425,zstd
1101,2,HUF_compress1X_usingCTable_internal.isra.0,0x42b,zstd
1102,2,HUF_compress1X_usingCTable_internal.isra.0,0x455,zstd
1103,2,HUF_compress1X_usingCTable_internal.isra.0,0x45a,zstd
1104,2,HUF_compress1X_usingCTable_internal.isra.0,0x45f,zstd
1105,2,HUF_compress1X_usingCTable_internal.isra.0,0x46a,zstd
1106,2,HUF_compress1X_usingCTable_internal.isra.0,0x46e,zstd
1107,2,HUF_compress1X_usingCTable_internal.isra.0,0x477,zstd
1108,2,HUF_compress1X_usingCTable_internal.isra.0,0x47d,zstd
1109,2,HUF_compress1X_usingCTable_internal.isra.0,0x480,zstd
1110,2,HUF_compress1X_usingCTable_internal.isra.0,0x488,zstd
1111,2,HUF_compress1X_usingCTable_internal.isra.0,0x48c,zstd
1112,2,HUF_compress1X_usingCTable_internal.isra.0,0x494,zstd
1113,2,HUF_compress1X_usingCTable_internal.isra.0,0x4a8,zstd
1114,2,HUF_compress1X_usingCTable_internal.isra.0,0x5c7,zstd
1115,2,HUF_compress1X_usingCTable_internal.isra.0,0x5cb,zstd
1116,2,HUF_compress1X_usingCTable_internal.isra.0,0x5f4,zstd
1117,2,HUF_compress1X_usingCTable_internal.isra.0,0x5f7,zstd
1118,2,HUF_compress1X_usingCTable_internal.isra.0,0x604,zstd
1119,2,HUF_compress1X_usingCTable_internal.isra.0,0x607,zstd
1120,2,HUF_compress1X_usingCTable_internal.isra.0,0x60d,zstd
1121,2,HUF_compress1X_usingCTable_internal.isra.0,0x610,zstd
1122,2,HUF_compress1X_usingCTable_internal.isra.0,0x61d,zstd
1123,2,HUF_compress1X_usingCTable_internal.isra.0,0x62d,zstd
1124,2,HUF_compress1X_usingCTable_internal.isra.0,0x634,zstd
1125,2,HUF_compress1X_usingCTable_internal.isra.0,0x660,zstd
1126,2,HUF_compress1X_usingCTable_internal.isra.0,0x69b,zstd
1127,2,HUF_compress1X_usingCTable_internal.isra.0,0xbf7,zstd
1128,2,HUF_compress1X_usingCTable_internal.isra.0,0xc09,zstd
1129,2,HUF_compress1X_usingCTable_internal.isra.0,0xc15,zstd
1130,2,HUF_compress1X_usingCTable_internal.isra.0,0xc4f,zstd
1131,2,HUF_compress1X_usingCTable_internal.isra.0,0xc6e,zstd
1132,2,HUF_compress1X_usingCTable_internal.isra.0,0xc86,zstd
1133,2,HUF_compress_internal,0x3a0,zstd
1134,2,HUF_compress_internal,0x4f6,zstd
1135,2,HUF_compress_internal,0x4fa,zstd
1136,2,HUF_simpleQuickSort,0x5,zstd
1137,2,HUF_simpleQuickSort,0xb4,zstd
1138,2,HUF_simpleQuickSort,0xfc,zstd
1139,2,HUF_simpleQuickSort,0x165,zstd
1140,2,HUF_simpleQuickSort,0x195,zstd
1141,2,HUF_writeCTable_wksp,0x8f,zstd
1142,2,HUF_writeCTable_wksp,0x124,zstd
1143,2,HUF_writeCTable_wksp,0x37f,zstd
1144,2,ZSTD_XXH64_update,0xff,zstd
1145,2,ZSTD_compressBlock_doubleFast,0x1331,zstd
1146,2,ZSTD_compressBlock_doubleFast,0x1342,zstd
1147,2,ZSTD_compressBlock_doubleFast,0x13b3,zstd
1148,2,ZSTD_compressBlock_doubleFast,0x13d0,zstd
1149,2,ZSTD_compressBlock_doubleFast,0x13f1,zstd
1150,2,ZSTD_compressBlock_doubleFast,0x19d7,zstd
1151,2,ZSTD_compressBlock_doubleFast,0x19e1,zstd
1152,2,ZSTD_compressBlock_doubleFast,0x1bfe,zstd
1153,2,ZSTD_compressBlock_doubleFast,0x1c18,zstd
1154,2,ZSTD_compressBlock_doubleFast,0x1ca7,zstd
1155,2,ZSTD_compressBlock_doubleFast,0x1cba,zstd
1156,2,ZSTD_compressBlock_doubleFast,0x1cbd,zstd
1157,2,ZSTD_compressBlock_doubleFast,0x1cda,zstd
1158,2,ZSTD_compressBlock_doubleFast,0x1ceb,zstd
1159,2,ZSTD_compressBlock_doubleFast,0x1ced,zstd
1160,2,ZSTD_compressBlock_doubleFast,0x1d21,zstd
1161,2,ZSTD_compressBlock_doubleFast,0x1e61,zstd
1162,2,ZSTD_compressBlock_doubleFast,0x1e6d,zstd
1163,2,ZSTD_compressBlock_doubleFast,0x22ca,zstd
1164,2,ZSTD_compressBlock_doubleFast,0x243c,zstd
1165,2,ZSTD_compressBlock_doubleFast,0x244b,zstd
1166,2,ZSTD_compressBlock_doubleFast,0x245c,zstd
1167,2,ZSTD_compressBlock_doubleFast,0x2462,zstd
1168,2,ZSTD_compressBlock_doubleFast,0x24f5,zstd
1169,2,ZSTD_compressBlock_doubleFast,0x24f9,zstd
1170,2,ZSTD_compressBlock_doubleFast,0x2516,zstd
1171,2,ZSTD_compressBlock_doubleFast,0x2549,zstd
1172,2,ZSTD_compressBlock_doubleFast,0x2565,zstd
1173,2,ZSTD_compressBlock_doubleFast,0x2598,zstd
1174,2,ZSTD_compressBlock_doubleFast,0x25b3,zstd
1175,2,ZSTD_compressBlock_doubleFast,0x25d1,zstd
1176,2,ZSTD_compressBlock_doubleFast,0x2671,zstd
1177,2,ZSTD_compressBlock_doubleFast,0x267d,zstd
1178,2,ZSTD_compressBlock_doubleFast,0x2c39,zstd
1179,2,ZSTD_compressBlock_doubleFast,0x2d8b,zstd
1180,2,ZSTD_compressBlock_doubleFast,0x2fd8,zstd
1181,2,ZSTD_compressBlock_doubleFast,0x3368,zstd
1182,2,ZSTD_compressBlock_doubleFast,0x336b,zstd
1183,2,ZSTD_compressBlock_doubleFast,0x3372,zstd
1184,2,ZSTD_compressBlock_doubleFast_extDict,0x0,zstd
1185,2,ZSTD_compressBlock_doubleFast_extDict_generic,0x1ff,zstd
1186,2,ZSTD_compressBlock_doubleFast_extDict_generic,0x246,zstd
1187,2,ZSTD_compressBlock_doubleFast_extDict_generic,0x253,zstd
1188,2,ZSTD_compressBlock_doubleFast_extDict_generic,0x2d9,zstd
1189,2,ZSTD_compressBlock_doubleFast_extDict_generic,0x442,zstd
1190,2,ZSTD_compressBlock_doubleFast_extDict_generic,0x46e,zstd
1191,2,ZSTD_compressBlock_doubleFast_extDict_generic,0x489,zstd
1192,2,ZSTD_compressBlock_doubleFast_extDict_generic,0x498,zstd
1193,2,ZSTD_compressBlock_doubleFast_extDict_generic,0x4b5,zstd
1194,2,ZSTD_compressBlock_doubleFast_extDict_generic,0x4e2,zstd
1195,2,ZSTD_compressBlock_doubleFast_extDict_generic,0x65f,zstd
1196,2,ZSTD_compressBlock_doubleFast_extDict_generic,0x68e,zstd
1197,2,ZSTD_compressBlock_doubleFast_extDict_generic,0x7a7,zstd
1198,2,ZSTD_compressBlock_doubleFast_extDict_generic,0x7c7,zstd
1199,2,ZSTD_compressBlock_doubleFast_extDict_generic,0x7f7,zstd
1200,2,ZSTD_compressBlock_doubleFast_extDict_generic,0x8c0,zstd
1201,2,ZSTD_compressBlock_doubleFast_extDict_generic,0x8c4,zstd
1202,2,ZSTD_compressBlock_doubleFast_extDict_generic,0x93d,zstd
1203,2,ZSTD_compressBlock_doubleFast_extDict_generic,0x9b0,zstd
1204,2,ZSTD_compressBlock_doubleFast_extDict_generic,0x9b5,zstd
1205,2,ZSTD_compressBlock_doubleFast_extDict_generic,0x9ba,zstd
1206,2,ZSTD_compressBlock_doubleFast_extDict_generic,0xa32,zstd
1207,2,ZSTD_compressBlock_doubleFast_extDict_generic,0xa51,zstd
1208,2,ZSTD_compressBlock_doubleFast_extDict_generic,0xb53,zstd
1209,2,ZSTD_compressContinue_internal,0x18b,zstd
1210,2,ZSTD_compressStream2,0x989,zstd
1211,2,ZSTD_count_2segments,0x5,zstd
1212,2,ZSTD_count_2segments,0x1d4,zstd
1213,2,ZSTD_seqToCodes,0x7a,zstd
1214,2,ZSTD_splitBlock,0x194,zstd
1215,2,_IO_do_write@@GLIBC_2.2.5,0x96,libc.so.6
1216,2,_IO_file_xsputn@@GLIBC_2.2.5,0x21f,libc.so.6
1217,2,_IO_file_xsputn@@GLIBC_2.2.5,0x242,libc.so.6
1218,2,_IO_fwrite,0xd8,libc.so.6
1219,2,__GI___libc_write,0x1e,libc.so.6
1220,2,__alloc_frozen_pages_noprof,0xa5,[kernel.kallsyms]
1221,2,__css_rstat_updated,0x24,[kernel.kallsyms]
1222,2,__css_rstat_updated,0x5a,[kernel.kallsyms]
1223,2,__dquot_alloc_space,0x44,[kernel.kallsyms]
1224,2,__dquot_alloc_space,0x8d,[kernel.kallsyms]
1225,2,__folio_cancel_dirty,0xc,[kernel.kallsyms]
1226,2,__hrtimer_run_queues,0xcd,[kernel.kallsyms]
1227,2,__kmalloc_noprof,0x130,[kernel.kallsyms]
1228,2,__mem_cgroup_charge,0x36,[kernel.kallsyms]
1229,2,__mem_cgroup_charge,0x4e,[kernel.kallsyms]
1230,2,__memmove_avx_unaligned_erms,0x0,libc.so.6
1231,2,__memmove_avx_unaligned_erms,0x1a0,libc.so.6
1232,2,__memmove_avx_unaligned_erms,0x1bb,libc.so.6
1233,2,__memset_avx2_unaligned_erms,0x0,libc.so.6
1234,2,__memset_avx2_unaligned_erms,0x15,libc.so.6
1235,2,__rcu_read_lock,0x0,[kernel.kallsyms]
1236,2,__rcu_read_lock,0xd,[kernel.kallsyms]
1237,2,__rcu_read_lock,0x17,[kernel.kallsyms]
1238,2,__rcu_read_lock,0x1a,[kernel.kallsyms]
1239,2,__rcu_read_unlock,0x5,[kernel.kallsyms]
1240,2,__rmqueue_pcplist,0xf1,[kernel.kallsyms]
1241,2,__syscall_cancel,0xb1,libc.so.6
1242,2,__sysvec_apic_timer_interrupt,0x34,[kernel.kallsyms]
1243,2,__x64_sys_write,0x0,[kernel.kallsyms]
1244,2,_raw_spin_lock,0xe,[kernel.kallsyms]
1245,2,_raw_spin_lock_irq,0xd,[kernel.kallsyms]
1246,2,_raw_spin_unlock,0x23,[kernel.kallsyms]
1247,2,_raw_spin_unlock_irq,0x21,[kernel.kallsyms]
1248,2,balance_dirty_pages_ratelimited_flags,0x22,[kernel.kallsyms]
1249,2,begin_current_label_crit_section,0x25,[kernel.kallsyms]
1250,2,cap_vm_enough_memory,0x0,[kernel.kallsyms]
1251,2,check_cpu_stall,0x3c,[kernel.kallsyms]
1252,2,clear_bhb_loop,0x83,[kernel.kallsyms]
1253,2,copy_folio_from_iter_atomic,0xb8,[kernel.kallsyms]
1254,2,down_write,0x20,[kernel.kallsyms]
1255,2,dput,0x0,[kernel.kallsyms]
1256,2,fdget_pos,0x0,[kernel.kallsyms]
1257,2,fdget_pos,0x3d,[kernel.kallsyms]
1258,2,fdget_pos,0x5e,[kernel.kallsyms]
1259,2,fdget_pos,0x6e,[kernel.kallsyms]
1260,2,file_remove_privs_flags,0x27,[kernel.kallsyms]
1261,2,file_remove_privs_flags,0x4f,[kernel.kallsyms]
1262,2,filemap_get_read_batch,0xba,[kernel.kallsyms]
1263,2,filemap_get_read_batch,0xc7,[kernel.kallsyms]
1264,2,filemap_get_read_batch,0x10f,[kernel.kallsyms]
1265,2,filemap_read,0x124,[kernel.kallsyms]
1266,2,filemap_read,0x1ef,[kernel.kallsyms]
1267,2,filemap_read,0x23c,[kernel.kallsyms]
1268,2,filemap_read,0x43f,[kernel.kallsyms]
1269,2,filemap_remove_folio,0x74,[kernel.kallsyms]
1270,2,filemap_unaccount_folio,0x2d,[kernel.kallsyms]
1271,2,folio_mapping,0x0,[kernel.kallsyms]
1272,2,folio_mapping,0x32,[kernel.kallsyms]
1273,2,folio_mapping,0x3b,[kernel.kallsyms]
1274,2,folio_mark_accessed,0x26,[kernel.kallsyms]
1275,2,free_pcppages_bulk,0x182,[kernel.kallsyms]
1276,2,get_mem_cgroup_from_mm,0xca,[kernel.kallsyms]
1277,2,get_mem_cgroup_from_mm,0xde,[kernel.kallsyms]
1278,2,get_task_policy,0x5,[kernel.kallsyms]
1279,2,handle_softirqs,0xcb,[kernel.kallsyms]
1280,2,hrtimer_interrupt,0x95,[kernel.kallsyms]
1281,2,kmem_cache_alloc_lru_noprof,0xb8,[kernel.kallsyms]
1282,2,ktime_get_update_offsets_now,0x23,[kernel.kallsyms]
1283,2,ktime_get_update_offsets_now,0xc8,[kernel.kallsyms]
1284,2,lapic_next_deadline,0xf,[kernel.kallsyms]
1285,2,lru_gen_add_folio,0xf2,[kernel.kallsyms]
1286,2,lru_gen_add_folio,0x13d,[kernel.kallsyms]
1287,2,lru_gen_del_folio.constprop.0,0x4a,[kernel.kallsyms]
1288,2,lru_gen_del_folio.constprop.0,0x65,[kernel.kallsyms]
1289,2,lru_gen_del_folio.constprop.0,0x70,[kernel.kallsyms]
1290,2,lru_gen_del_folio.constprop.0,0xef,[kernel.kallsyms]
1291,2,lru_gen_del_folio.constprop.0,0x189,[kernel.kallsyms]
1292,2,lru_gen_del_folio.constprop.0,0x19a,[kernel.kallsyms]
1293,2,lruvec_stat_mod_folio,0x50,[kernel.kallsyms]
1294,2,lruvec_stat_mod_folio,0x83,[kernel.kallsyms]
1295,2,lruvec_stat_mod_folio,0x92,[kernel.kallsyms]
1296,2,memset@plt,0x4,zstd
1297,2,mod_memcg_lruvec_state,0x6f,[kernel.kallsyms]
1298,2,mod_memcg_lruvec_state,0xb8,[kernel.kallsyms]
1299,2,mod_memcg_lruvec_state,0x128,[kernel.kallsyms]
1300,2,mod_memcg_lruvec_state,0x142,[kernel.kallsyms]
1301,2,mod_memcg_lruvec_state,0x146,[kernel.kallsyms]
1302,2,mod_node_page_state,0x7c,[kernel.kallsyms]
1303,2,mod_node_page_state,0x9d,[kernel.kallsyms]
1304,2,native_sched_clock,0x20,[kernel.kallsyms]
1305,2,nohz_balancer_kick,0xfe,[kernel.kallsyms]
1306,2,nohz_balancer_kick,0x25b,[kernel.kallsyms]
1307,2,perf_event_task_tick,0x16,[kernel.kallsyms]
1308,2,perf_event_task_tick,0x28,[kernel.kallsyms]
1309,2,post_alloc_hook,0x7d,[kernel.kallsyms]
1310,2,rb_erase,0x365,[kernel.kallsyms]
1311,2,rb_next,0x4b,[kernel.kallsyms]
1312,2,rcu_pending,0x68,[kernel.kallsyms]
1313,2,run_posix_cpu_timers,0x21,[kernel.kallsyms]
1314,2,security_vm_enough_memory_mm,0x26,[kernel.kallsyms]
1315,2,security_vm_enough_memory_mm,0x32,[kernel.kallsyms]
1316,2,security_vm_enough_memory_mm,0x4c,[kernel.kallsyms]
1317,2,security_vm_enough_memory_mm,0x52,[kernel.kallsyms]
1318,2,security_vm_enough_memory_mm,0x65,[kernel.kallsyms]
1319,2,send_to_group,0x14d,[kernel.kallsyms]
1320,2,send_to_group,0x150,[kernel.kallsyms]
1321,2,static_key_count,0xd,[kernel.kallsyms]
1322,2,static_key_count,0x1a,[kernel.kallsyms]
1323,2,task_tick_fair,0x3e,[kernel.kallsyms]
1324,2,task_tick_fair,0xd6,[kernel.kallsyms]
1325,2,tick_nohz_handler,0x0,[kernel.kallsyms]
1326,2,tick_program_event,0x1a,[kernel.kallsyms]
1327,2,tmigr_requires_handle_remote,0x29,[kernel.kallsyms]
1328,2,tmigr_requires_handle_remote,0xab,[kernel.kallsyms]
1329,2,tmigr_requires_handle_remote,0xc9,[kernel.kallsyms]
1330,2,tmigr_requires_handle_remote,0xdb,[kernel.kallsyms]
1331,2,touch_atime,0x17,[kernel.kallsyms]
1332,2,try_charge_memcg,0x7f,[kernel.kallsyms]
1333,2,try_charge_memcg,0x1e3,[kernel.kallsyms]
1334,2,uncharge_folio,0xfb,[kernel.kallsyms]
1335,2,update_cfs_group,0x3b,[kernel.kallsyms]
1336,2,update_cfs_group,0x77,[kernel.kallsyms]
1337,2,update_curr,0x1d,[kernel.kallsyms]
1338,2,update_vdso_time_data,0x130,[kernel.kallsyms]
1339,2,update_vsyscall,0x1b,[kernel.kallsyms]
1340,2,update_wall_time,0x55,[kernel.kallsyms]
1341,2,vfs_write,0x311,[kernel.kallsyms]
1342,2,vfs_write,0x32e,[kernel.kallsyms]
1343,2,xas_clear_mark,0x52,[kernel.kallsyms]
1344,2,xas_find_conflict,0x166,[kernel.kallsyms]
1345,2,xas_init_marks,0x1,[kernel.kallsyms]
1346,2,xas_load,0x23,[kernel.kallsyms]
1347,2,xas_load,0x30,[kernel.kallsyms]
1348,2,xas_load,0x6f,[kernel.kallsyms]
1349,2,xas_load,0x76,[kernel.kallsyms]
1350,2,xas_load,0x89,[kernel.kallsyms]
1351,2,xas_store,0x3e5,[kernel.kallsyms]
1352,1,AIO_ReadPool_consumeBytes,0x17,zstd
1353,1,AIO_ReadPool_executeReadJob,0x30,zstd
1354,1,AIO_ReadPool_fillBuffer,0x4c,zstd
1355,1,AIO_ReadPool_fillBuffer,0x89,zstd
1356,1,AIO_ReadPool_fillBuffer,0x99,zstd
1357,1,AIO_WritePool_enqueueAndReacquireWriteJob,0x10,zstd
1358,1,AIO_WritePool_enqueueAndReacquireWriteJob,0x3c,zstd
1359,1,AIO_WritePool_executeWriteJob,0x26,zstd
1360,1,AIO_WritePool_executeWriteJob,0x21b,zstd
1361,1,AIO_WritePool_executeWriteJob,0x22a,zstd
1362,1,FIO_compressFilename_srcFile,0x468,zstd
1363,1,FIO_compressFilename_srcFile,0x636,zstd
1364,1,FSE_buildCTable_wksp,0x4d,zstd
1365,1,FSE_buildCTable_wksp,0xc0,zstd
1366,1,FSE_buildCTable_wksp,0xd1,zstd
1367,1,FSE_buildCTable_wksp,0xf2,zstd
1368,1,FSE_buildCTable_wksp,0x101,zstd
1369,1,FSE_buildCTable_wksp,0x140,zstd
1370,1,FSE_buildCTable_wksp,0x145,zstd
1371,1,FSE_buildCTable_wksp,0x168,zstd
1372,1,FSE_buildCTable_wksp,0x1ae,zstd
1373,1,FSE_buildCTable_wksp,0x20e,zstd
1374,1,FSE_buildCTable_wksp,0x260,zstd
1375,1,FSE_buildCTable_wksp,0x27d,zstd
1376,1,FSE_buildCTable_wksp,0x284,zstd
1377,1,FSE_buildCTable_wksp,0x2c6,zstd
1378,1,FSE_buildCTable_wksp,0x2cd,zstd
1379,1,FSE_buildCTable_wksp,0x37f,zstd
1380,1,FSE_buildCTable_wksp,0x385,zstd
1381,1,FSE_buildCTable_wksp,0x3a3,zstd
1382,1,FSE_buildCTable_wksp,0x3d2,zstd
1383,1,FSE_buildCTable_wksp,0x3e2,zstd
1384,1,FSE_buildCTable_wksp,0x3ea,zstd
1385,1,FSE_buildCTable_wksp,0x3f9,zstd
1386,1,FSE_compress_usingCTable_generic,0x0,zstd
1387,1,FSE_compress_usingCTable_generic,0x80,zstd
1388,1,FSE_compress_usingCTable_generic,0x2e0,zstd
1389,1,FSE_compress_usingCTable_generic,0x2ef,zstd
1390,1,FSE_compress_usingCTable_generic,0x2f9,zstd
1391,1,FSE_compress_usingCTable_generic,0x300,zstd
1392,1,FSE_compress_usingCTable_generic,0x30b,zstd
1393,1,FSE_compress_usingCTable_generic,0x310,zstd
1394,1,FSE_compress_usingCTable_generic,0x313,zstd
1395,1,FSE_compress_usingCTable_generic,0x319,zstd
1396,1,FSE_compress_usingCTable_generic,0x32b,zstd
1397,1,FSE_compress_usingCTable_generic,0x334,zstd
1398,1,FSE_compress_usingCTable_generic,0x349,zstd
1399,1,FSE_compress_usingCTable_generic,0x34e,zstd
1400,1,FSE_compress_usingCTable_generic,0x354,zstd
1401,1,FSE_compress_usingCTable_generic,0x36b,zstd
1402,1,FSE_compress_usingCTable_generic,0x371,zstd
1403,1,FSE_compress_usingCTable_generic,0x374,zstd
1404,1,FSE_compress_usingCTable_generic,0x3a0,zstd
1405,1,FSE_compress_usingCTable_generic,0x3ae,zstd
1406,1,FSE_compress_usingCTable_generic,0x3cc,zstd
1407,1,FSE_compress_usingCTable_generic,0x3d9,zstd
1408,1,FSE_compress_usingCTable_generic,0x3dc,zstd
1409,1,FSE_compress_usingCTable_generic,0x3df,zstd
1410,1,FSE_compress_usingCTable_generic,0x3e9,zstd
1411,1,FSE_compress_usingCTable_generic,0x40d,zstd
1412,1,FSE_compress_usingCTable_generic,0x410,zstd
1413,1,FSE_compress_usingCTable_generic,0x42e,zstd
1414,1,FSE_normalizeCount,0x9,zstd
1415,1,FSE_normalizeCount,0x13,zstd
1416,1,FSE_normalizeCount,0xa4,zstd
1417,1,FSE_normalizeCount,0xda,zstd
1418,1,FSE_normalizeCount,0xde,zstd
1419,1,FSE_normalizeCount,0xe2,zstd
1420,1,FSE_normalizeCount,0xe4,zstd
1421,1,FSE_normalizeCount,0xf8,zstd
1422,1,FSE_normalizeCount,0x13c,zstd
1423,1,FSE_normalizeCount,0x140,zstd
1424,1,FSE_normalizeCount,0x14b,zstd
1425,1,FSE_normalizeCount,0x152,zstd
1426,1,FSE_normalizeCount,0x157,zstd
1427,1,FSE_normalizeCount,0x159,zstd
1428,1,FSE_normalizeCount,0x173,zstd
1429,1,FSE_writeNCount,0x29,zstd
1430,1,FSE_writeNCount_generic,0x0,zstd
1431,1,FSE_writeNCount_generic,0x71,zstd
1432,1,FSE_writeNCount_generic,0xa1,zstd
1433,1,FSE_writeNCount_generic,0xa4,zstd
1434,1,FSE_writeNCount_generic,0xac,zstd
1435,1,FSE_writeNCount_generic,0xaf,zstd
1436,1,FSE_writeNCount_generic,0xc5,zstd
1437,1,FSE_writeNCount_generic,0xe7,zstd
1438,1,FSE_writeNCount_generic,0xea,zstd
1439,1,FSE_writeNCount_generic,0x107,zstd
1440,1,FSE_writeNCount_generic,0x10a,zstd
1441,1,FSE_writeNCount_generic,0x1a8,zstd
1442,1,FSE_writeNCount_generic,0x1aa,zstd
1443,1,FSE_writeNCount_generic,0x1c9,zstd
1444,1,FSE_writeNCount_generic,0x219,zstd
1445,1,HIST_count_parallel_wksp,0x8d,zstd
1446,1,HIST_count_parallel_wksp,0x180,zstd
1447,1,HIST_count_parallel_wksp,0x187,zstd
1448,1,HIST_count_parallel_wksp,0x1c0,zstd
1449,1,HIST_count_parallel_wksp,0x1cc,zstd
1450,1,HIST_count_parallel_wksp,0x1e0,zstd
1451,1,HIST_count_parallel_wksp,0x1f4,zstd
1452,1,HIST_count_parallel_wksp,0x208,zstd
1453,1,HIST_count_parallel_wksp,0x213,zstd
1454,1,HIST_count_parallel_wksp,0x21c,zstd
1455,1,HIST_count_parallel_wksp,0x246,zstd
1456,1,HIST_count_parallel_wksp,0x251,zstd
1457,1,HIST_count_parallel_wksp,0x295,zstd
1458,1,HIST_count_parallel_wksp,0x2af,zstd
1459,1,HIST_count_parallel_wksp,0x2dc,zstd
1460,1,HIST_count_wksp,0x0,zstd
1461,1,HUF_buildCTable_wksp,0x120,zstd
1462,1,HUF_buildCTable_wksp,0x160,zstd
1463,1,HUF_buildCTable_wksp,0x170,zstd
1464,1,HUF_buildCTable_wksp,0x190,zstd
1465,1,HUF_buildCTable_wksp,0x1a0,zstd
1466,1,HUF_buildCTable_wksp,0x1b0,zstd
1467,1,HUF_buildCTable_wksp,0x233,zstd
1468,1,HUF_buildCTable_wksp,0x240,zstd
1469,1,HUF_buildCTable_wksp,0x245,zstd
1470,1,HUF_buildCTable_wksp,0x260,zstd
1471,1,HUF_buildCTable_wksp,0x363,zstd
1472,1,HUF_buildCTable_wksp,0x38b,zstd
1473,1,HUF_buildCTable_wksp,0x3b9,zstd
1474,1,HUF_buildCTable_wksp,0x3c8,zstd
1475,1,HUF_buildCTable_wksp,0x3ca,zstd
1476,1,HUF_buildCTable_wksp,0x413,zstd
1477,1,HUF_buildCTable_wksp,0x440,zstd
1478,1,HUF_buildCTable_wksp,0x463,zstd
1479,1,HUF_buildCTable_wksp,0x4e6,zstd
1480,1,HUF_buildCTable_wksp,0x50c,zstd
1481,1,HUF_buildCTable_wksp,0x51e,zstd
1482,1,HUF_buildCTable_wksp,0x5a0,zstd
1483,1,HUF_buildCTable_wksp,0x5a8,zstd
1484,1,HUF_buildCTable_wksp,0x5aa,zstd
1485,1,HUF_buildCTable_wksp,0x5c0,zstd
1486,1,HUF_buildCTable_wksp,0x740,zstd
1487,1,HUF_buildCTable_wksp,0x7da,zstd
1488,1,HUF_buildCTable_wksp,0x82c,zstd
1489,1,HUF_buildCTable_wksp,0x840,zstd
1490,1,HUF_buildCTable_wksp,0x85d,zstd
1491,1,HUF_compress1X_usingCTable_internal.isra.0,0x24,zstd
1492,1,HUF_compress1X_usingCTable_internal.isra.0,0x24e,zstd
1493,1,HUF_compress1X_usingCTable_internal.isra.0,0x258,zstd
1494,1,HUF_compress1X_usingCTable_internal.isra.0,0x28d,zstd
1495,1,HUF_compress1X_usingCTable_internal.isra.0,0x2b0,zstd
1496,1,HUF_compress1X_usingCTable_internal.isra.0,0x2b7,zstd
1497,1,HUF_compress1X_usingCTable_internal.isra.0,0x373,zstd
1498,1,HUF_compress1X_usingCTable_internal.isra.0,0x3d8,zstd
1499,1,HUF_compress1X_usingCTable_internal.isra.0,0x3f8,zstd
1500,1,HUF_compress1X_usingCTable_internal.isra.0,0x412,zstd
1501,1,HUF_compress1X_usingCTable_internal.isra.0,0x421,zstd
1502,1,HUF_compress1X_usingCTable_internal.isra.0,0x431,zstd
1503,1,HUF_compress1X_usingCTable_internal.isra.0,0x435,zstd
1504,1,HUF_compress1X_usingCTable_internal.isra.0,0x466,zstd
1505,1,HUF_compress1X_usingCTable_internal.isra.0,0x48f,zstd
1506,1,HUF_compress1X_usingCTable_internal.isra.0,0x491,zstd
1507,1,HUF_compress1X_usingCTable_internal.isra.0,0x4f4,zstd
1508,1,HUF_compress1X_usingCTable_internal.isra.0,0x612,zstd
1509,1,HUF_compress1X_usingCTable_internal.isra.0,0x61a,zstd
1510,1,HUF_compress1X_usingCTable_internal.isra.0,0x636,zstd
1511,1,HUF_compress1X_usingCTable_internal.isra.0,0x655,zstd
1512,1,HUF_compress1X_usingCTable_internal.isra.0,0x65d,zstd
1513,1,HUF_compress1X_usingCTable_internal.isra.0,0x668,zstd
1514,1,HUF_compress1X_usingCTable_internal.isra.0,0x674,zstd
1515,1,HUF_compress1X_usingCTable_internal.isra.0,0x681,zstd
1516,1,HUF_compress1X_usingCTable_internal.isra.0,0x684,zstd
1517,1,HUF_compress1X_usingCTable_internal.isra.0,0x688,zstd
1518,1,HUF_compress1X_usingCTable_internal.isra.0,0x68b,zstd
1519,1,HUF_compress1X_usingCTable_internal.isra.0,0x68d,zstd
1520,1,HUF_compress1X_usingCTable_internal.isra.0,0x6a3,zstd
1521,1,HUF_compress1X_usingCTable_internal.isra.0,0x850,zstd
1522,1,HUF_compress1X_usingCTable_internal.isra.0,0x853,zstd
1523,1,HUF_compress1X_usingCTable_internal.isra.0,0xa92,zstd
1524,1,HUF_compress1X_usingCTable_internal.isra.0,0xb38,zstd
1525,1,HUF_compress1X_usingCTable_internal.isra.0,0xb52,zstd
1526,1,HUF_compress1X_usingCTable_internal.isra.0,0xb58,zstd
1527,1,HUF_compress1X_usingCTable_internal.isra.0,0xb62,zstd
1528,1,HUF_compress1X_usingCTable_internal.isra.0,0xb8e,zstd
1529,1,HUF_compress1X_usingCTable_internal.isra.0,0xba5,zstd
1530,1,HUF_compress1X_usingCTable_internal.isra.0,0xc40,zstd
1531,1,HUF_compress1X_usingCTable_internal.isra.0,0xc67,zstd
1532,1,HUF_compress1X_usingCTable_internal.isra.0,0xc77,zstd
1533,1,HUF_compress4X_usingCTable_internal.isra.0,0x3c,zstd
1534,1,HUF_compress_internal,0xe0,zstd
1535,1,HUF_compress_internal,0x2c0,zstd
1536,1,HUF_compress_internal,0x2cd,zstd
1537,1,HUF_compress_internal,0x2d1,zstd
1538,1,HUF_compress_internal,0x2dd,zstd
1539,1,HUF_compress_internal,0x305,zstd
1540,1,HUF_compress_internal,0x49e,zstd
1541,1,HUF_compress_internal,0x4e0,zstd
1542,1,HUF_compress_internal,0x4ea,zstd
1543,1,HUF_compress_internal,0x4f3,zstd
1544,1,HUF_simpleQuickSort,0x46,zstd
1545,1,HUF_simpleQuickSort,0x80,zstd
1546,1,HUF_simpleQuickSort,0x87,zstd
1547,1,HUF_simpleQuickSort,0xda,zstd
1548,1,HUF_simpleQuickSort,0xe6,zstd
1549,1,HUF_simpleQuickSort,0x100,zstd
1550,1,HUF_simpleQuickSort,0x170,zstd
1551,1,HUF_simpleQuickSort,0x179,zstd
1552,1,HUF_simpleQuickSort,0x1a0,zstd
1553,1,HUF_writeCTable_wksp,0x120,zstd
1554,1,HUF_writeCTable_wksp,0x1be,zstd
1555,1,HUF_writeCTable_wksp,0x3a5,zstd
1556,1,HUF_writeCTable_wksp,0x3be,zstd
1557,1,ZSTD_XXH64_update,0xa8,zstd
1558,1,ZSTD_XXH64_update,0xd5,zstd
1559,1,ZSTD_XXH64_update,0x10b,zstd
1560,1,ZSTD_XXH64_update,0x10d,zstd
1561,1,ZSTD_buildCTable,0x9c,zstd
1562,1,ZSTD_buildCTable,0x14c,zstd
1563,1,ZSTD_buildCTable,0x172,zstd
1564,1,ZSTD_buildSeqStore,0x0,zstd
1565,1,ZSTD_buildSeqStore,0xd,zstd
1566,1,ZSTD_buildSeqStore,0xd8,zstd
1567,1,ZSTD_buildSeqStore,0x3c4,zstd
1568,1,ZSTD_buildSequencesStatistics,0x17,zstd
1569,1,ZSTD_buildSequencesStatistics,0x52,zstd
1570,1,ZSTD_buildSequencesStatistics,0x7c,zstd
1571,1,ZSTD_buildSequencesStatistics,0x1e0,zstd
1572,1,ZSTD_buildSequencesStatistics,0x260,zstd
1573,1,ZSTD_buildSequencesStatistics,0x2f1,zstd
1574,1,ZSTD_buildSequencesStatistics,0x360,zstd
1575,1,ZSTD_buildSequencesStatistics,0x370,zstd
1576,1,ZSTD_compressBlock_doubleFast,0xa10,zstd
1577,1,ZSTD_compressBlock_doubleFast,0xac5,zstd
1578,1,ZSTD_compressBlock_doubleFast,0xad8,zstd
1579,1,ZSTD_compressBlock_doubleFast,0xadb,zstd
1580,1,ZSTD_compressBlock_doubleFast,0xaf9,zstd
1581,1,ZSTD_compressBlock_doubleFast,0xb2a,zstd
1582,1,ZSTD_compressBlock_doubleFast,0xb2e,zstd
1583,1,ZSTD_compressBlock_doubleFast,0xb43,zstd
1584,1,ZSTD_compressBlock_doubleFast,0xb5a,zstd
1585,1,ZSTD_compressBlock_doubleFast,0xb68,zstd
1586,1,ZSTD_compressBlock_doubleFast,0xc0b,zstd
1587,1,ZSTD_compressBlock_doubleFast,0xc45,zstd
1588,1,ZSTD_compressBlock_doubleFast,0xc4a,zstd
1589,1,ZSTD_compressBlock_doubleFast,0xc4e,zstd
1590,1,ZSTD_compressBlock_doubleFast,0xc91,zstd
1591,1,ZSTD_compressBlock_doubleFast,0xca4,zstd
1592,1,ZSTD_compressBlock_doubleFast,0xca8,zstd
1593,1,ZSTD_compressBlock_doubleFast,0xcbf,zstd
1594,1,ZSTD_compressBlock_doubleFast,0xccd,zstd
1595,1,ZSTD_compressBlock_doubleFast,0xcd9,zstd
1596,1,ZSTD_compressBlock_doubleFast,0xcf9,zstd
1597,1,ZSTD_compressBlock_doubleFast,0xdc0,zstd
1598,1,ZSTD_compressBlock_doubleFast,0x12b6,zstd
1599,1,ZSTD_compressBlock_doubleFast,0x1325,zstd
1600,1,ZSTD_compressBlock_doubleFast,0x1350,zstd
1601,1,ZSTD_compressBlock_doubleFast,0x136f,zstd
1602,1,ZSTD_compressBlock_doubleFast,0x13b6,zstd
1603,1,ZSTD_compressBlock_doubleFast,0x13ba,zstd
1604,1,ZSTD_compressBlock_doubleFast,0x13c8,zstd
1605,1,ZSTD_compressBlock_doubleFast,0x13cc,zstd
1606,1,ZSTD_compressBlock_doubleFast,0x19e8,zstd
1607,1,ZSTD_compressBlock_doubleFast,0x1c1e,zstd
1608,1,ZSTD_compressBlock_doubleFast,0x1c2b,zstd
1609,1,ZSTD_compressBlock_doubleFast,0x1c2e,zstd
1610,1,ZSTD_compressBlock_doubleFast,0x1d16,zstd
1611,1,ZSTD_compressBlock_doubleFast,0x2095,zstd
1612,1,ZSTD_compressBlock_doubleFast,0x2173,zstd
1613,1,ZSTD_compressBlock_doubleFast,0x2294,zstd
1614,1,ZSTD_compressBlock_doubleFast,0x22c4,zstd
1615,1,ZSTD_compressBlock_doubleFast,0x22da,zstd
1616,1,ZSTD_compressBlock_doubleFast,0x2465,zstd
1617,1,ZSTD_compressBlock_doubleFast,0x24e2,zstd
1618,1,ZSTD_compressBlock_doubleFast,0x2519,zstd
1619,1,ZSTD_compressBlock_doubleFast,0x2569,zstd
1620,1,ZSTD_compressBlock_doubleFast,0x2582,zstd
1621,1,ZSTD_compressBlock_doubleFast,0x258d,zstd
1622,1,ZSTD_compressBlock_doubleFast,0x2594,zstd
1623,1,ZSTD_compressBlock_doubleFast,0x25a3,zstd
1624,1,ZSTD_compressBlock_doubleFast,0x25a6,zstd
1625,1,ZSTD_compressBlock_doubleFast,0x25aa,zstd
1626,1,ZSTD_compressBlock_doubleFast,0x25c5,zstd
1627,1,ZSTD_compressBlock_doubleFast,0x25e7,zstd
1628,1,ZSTD_compressBlock_doubleFast,0x2604,zstd
1629,1,ZSTD_compressBlock_doubleFast,0x261c,zstd
1630,1,ZSTD_compressBlock_doubleFast,0x265f,zstd
1631,1,ZSTD_compressBlock_doubleFast,0x266c,zstd
1632,1,ZSTD_compressBlock_doubleFast,0x2c14,zstd
1633,1,ZSTD_compressBlock_doubleFast,0x2fe9,zstd
1634,1,ZSTD_compressBlock_doubleFast,0x2fec,zstd
1635,1,ZSTD_compressBlock_doubleFast,0x2ff1,zstd
1636,1,ZSTD_compressBlock_doubleFast,0x3011,zstd
1637,1,ZSTD_compressBlock_doubleFast,0x3014,zstd
1638,1,ZSTD_compressBlock_doubleFast,0x335d,zstd
1639,1,ZSTD_compressBlock_doubleFast,0x3378,zstd
1640,1,ZSTD_compressBlock_doubleFast,0x337b,zstd
1641,1,ZSTD_compressBlock_doubleFast,0x337e,zstd
1642,1,ZSTD_compressBlock_doubleFast,0x3389,zstd
1643,1,ZSTD_compressBlock_doubleFast,0x338c,zstd
1644,1,ZSTD_compressBlock_doubleFast,0x340b,zstd
1645,1,ZSTD_compressBlock_doubleFast,0x3418,zstd
1646,1,ZSTD_compressBlock_doubleFast_extDict_generic,0x50,zstd
1647,1,ZSTD_compressBlock_doubleFast_extDict_generic,0x220,zstd
1648,1,ZSTD_compressBlock_doubleFast_extDict_generic,0x2be,zstd
1649,1,ZSTD_compressBlock_doubleFast_extDict_generic,0x321,zstd
1650,1,ZSTD_compressBlock_doubleFast_extDict_generic,0x393,zstd
1651,1,ZSTD_compressBlock_doubleFast_extDict_generic,0x457,zstd
1652,1,ZSTD_compressBlock_doubleFast_extDict_generic,0x4c4,zstd
1653,1,ZSTD_compressBlock_doubleFast_extDict_generic,0x4de,zstd
1654,1,ZSTD_compressBlock_doubleFast_extDict_generic,0x5f0,zstd
1655,1,ZSTD_compressBlock_doubleFast_extDict_generic,0x65b,zstd
1656,1,ZSTD_compressBlock_doubleFast_extDict_generic,0x680,zstd
1657,1,ZSTD_compressBlock_doubleFast_extDict_generic,0x6a2,zstd
1658,1,ZSTD_compressBlock_doubleFast_extDict_generic,0x6bf,zstd
1659,1,ZSTD_compressBlock_doubleFast_extDict_generic,0x76e,zstd
1660,1,ZSTD_compressBlock_doubleFast_extDict_generic,0x77b,zstd
1661,1,ZSTD_compressBlock_doubleFast_extDict_generic,0x780,zstd
1662,1,ZSTD_compressBlock_doubleFast_extDict_generic,0x7db,zstd
1663,1,ZSTD_compressBlock_doubleFast_extDict_generic,0x814,zstd
1664,1,ZSTD_compressBlock_doubleFast_extDict_generic,0x81e,zstd
1665,1,ZSTD_compressBlock_doubleFast_extDict_generic,0x840,zstd
1666,1,ZSTD_compressBlock_doubleFast_extDict_generic,0x84e,zstd
1667,1,ZSTD_compressBlock_doubleFast_extDict_generic,0x859,zstd
1668,1,ZSTD_compressBlock_doubleFast_extDict_generic,0x87e,zstd
1669,1,ZSTD_compressBlock_doubleFast_extDict_generic,0x8ae,zstd
1670,1,ZSTD_compressBlock_doubleFast_extDict_generic,0x8b3,zstd
1671,1,ZSTD_compressBlock_doubleFast_extDict_generic,0x8d1,zstd
1672,1,ZSTD_compressBlock_doubleFast_extDict_generic,0x8f4,zstd
1673,1,ZSTD_compressBlock_doubleFast_extDict_generic,0x97a,zstd
1674,1,ZSTD_compressBlock_doubleFast_extDict_generic,0x9c3,zstd
1675,1,ZSTD_compressBlock_doubleFast_extDict_generic,0x9c6,zstd
1676,1,ZSTD_compressBlock_doubleFast_extDict_generic,0x9e6,zstd
1677,1,ZSTD_compressBlock_doubleFast_extDict_generic,0xa09,zstd
1678,1,ZSTD_compressBlock_doubleFast_extDict_generic,0xa1d,zstd
1679,1,ZSTD_compressBlock_doubleFast_extDict_generic,0xa4c,zstd
1680,1,ZSTD_compressBlock_doubleFast_extDict_generic,0xa67,zstd
1681,1,ZSTD_compressBlock_doubleFast_extDict_generic,0xa6c,zstd
1682,1,ZSTD_compressBlock_doubleFast_extDict_generic,0xa81,zstd
1683,1,ZSTD_compressBlock_doubleFast_extDict_generic,0xa86,zstd
1684,1,ZSTD_compressBlock_doubleFast_extDict_generic,0xa89,zstd
1685,1,ZSTD_compressBlock_doubleFast_extDict_generic,0xb48,zstd
1686,1,ZSTD_compressBlock_doubleFast_extDict_generic,0xb4d,zstd
1687,1,ZSTD_compressBlock_doubleFast_extDict_generic,0xb56,zstd
1688,1,ZSTD_compressBlock_internal,0x0,zstd
1689,1,ZSTD_compressBlock_internal,0x26,zstd
1690,1,ZSTD_compressBlock_internal,0x98,zstd
1691,1,ZSTD_compressBlock_internal,0xe8,zstd
1692,1,ZSTD_compressBlock_internal,0x10c,zstd
1693,1,ZSTD_compressContinue_internal,0x179,zstd
1694,1,ZSTD_compressContinue_internal,0x25d,zstd
1695,1,ZSTD_compressContinue_internal,0x3d0,zstd
1696,1,ZSTD_compressLiterals,0x0,zstd
1697,1,ZSTD_compressLiterals,0x4,zstd
1698,1,ZSTD_compressLiterals,0xd5,zstd
1699,1,ZSTD_compressStream2,0x45,zstd
1700,1,ZSTD_compressStream2,0x1af,zstd
1701,1,ZSTD_compressStream2,0x3a2,zstd
1702,1,ZSTD_compressStream2,0x9b0,zstd
1703,1,ZSTD_count_2segments,0xd0,zstd
1704,1,ZSTD_count_2segments,0x105,zstd
1705,1,ZSTD_encodeSequences,0xf6,zstd
1706,1,ZSTD_encodeSequences,0x168,zstd
1707,1,ZSTD_encodeSequences,0x460,zstd
1708,1,ZSTD_entropyCompressSeqStore,0x0,zstd
1709,1,ZSTD_entropyCompressSeqStore_internal,0xe3,zstd
1710,1,ZSTD_entropyCompressSeqStore_internal,0x100,zstd
1711,1,ZSTD_entropyCompressSeqStore_internal,0x2c0,zstd
1712,1,ZSTD_isError,0x0,zstd
1713,1,ZSTD_recordFingerprint_43,0x4,zstd
1714,1,ZSTD_recordFingerprint_43,0x49,zstd
1715,1,ZSTD_safecopyLiterals,0x0,zstd
1716,1,ZSTD_safecopyLiterals,0x80,zstd
1717,1,ZSTD_safecopyLiterals,0x84,zstd
1718,1,ZSTD_selectEncodingType,0x80,zstd
1719,1,ZSTD_seqToCodes,0x0,zstd
1720,1,ZSTD_splitBlock,0x3c,zstd
1721,1,ZSTD_splitBlock,0xb3,zstd
1722,1,ZSTD_splitBlock,0xbc,zstd
1723,1,ZSTD_splitBlock,0xe9,zstd
1724,1,ZSTD_splitBlock,0x15c,zstd
1725,1,ZSTD_toFlushNow,0x6,zstd
1726,1,_IO_default_xsputn,0x27,libc.so.6
1727,1,_IO_do_write@@GLIBC_2.2.5,0xc7,libc.so.6
1728,1,_IO_file_overflow@@GLIBC_2.2.5,0xc8,libc.so.6
1729,1,_IO_file_write@@GLIBC_2.2.5,0x3d,libc.so.6
1730,1,_IO_file_xsputn@@GLIBC_2.2.5,0x71,libc.so.6
1731,1,_IO_file_xsputn@@GLIBC_2.2.5,0xb3,libc.so.6
1732,1,_IO_file_xsputn@@GLIBC_2.2.5,0xda,libc.so.6
1733,1,_IO_file_xsputn@@GLIBC_2.2.5,0xff,libc.so.6
1734,1,_IO_file_xsputn@@GLIBC_2.2.5,0x21b,libc.so.6
1735,1,_IO_file_xsputn@@GLIBC_2.2.5,0x222,libc.so.6
1736,1,_IO_fread,0x16,libc.so.6
1737,1,_IO_fread,0x4c,libc.so.6
1738,1,_IO_fread,0x9f,libc.so.6
1739,1,_IO_fwrite,0x0,libc.so.6
1740,1,_IO_fwrite,0x4,libc.so.6
1741,1,_IO_fwrite,0x19,libc.so.6
1742,1,_IO_fwrite,0xaf,libc.so.6
1743,1,_IO_fwrite,0x142,libc.so.6
1744,1,__account_obj_stock,0x1a,[kernel.kallsyms]
1745,1,__account_obj_stock,0x59,[kernel.kallsyms]
1746,1,__account_obj_stock,0x8a,[kernel.kallsyms]
1747,1,__alloc_frozen_pages_noprof,0x6b,[kernel.kallsyms]
1748,1,__alloc_frozen_pages_noprof,0x89,[kernel.kallsyms]
1749,1,__alloc_frozen_pages_noprof,0xe7,[kernel.kallsyms]
1750,1,__alloc_frozen_pages_noprof,0x1d1,[kernel.kallsyms]
1751,1,__alloc_frozen_pages_noprof,0x2c7,[kernel.kallsyms]
1752,1,__alloc_frozen_pages_noprof,0x2da,[kernel.kallsyms]
1753,1,__cgroup_account_cputime_field,0x58,[kernel.kallsyms]
1754,1,__css_rstat_updated,0x17,[kernel.kallsyms]
1755,1,__css_rstat_updated,0x2f,[kernel.kallsyms]
1756,1,__css_rstat_updated,0x4c,[kernel.kallsyms]
1757,1,__css_rstat_updated,0x52,[kernel.kallsyms]
1758,1,__css_rstat_updated,0x106,[kernel.kallsyms]
1759,1,__ctype_init,0x0,libc.so.6
1760,1,__dquot_alloc_space,0x0,[kernel.kallsyms]
1761,1,__dquot_alloc_space,0x1b,[kernel.kallsyms]
1762,1,__dquot_alloc_space,0x5c,[kernel.kallsyms]
1763,1,__dquot_alloc_space,0x66,[kernel.kallsyms]
1764,1,__dquot_alloc_space,0x82,[kernel.kallsyms]
1765,1,__dquot_alloc_space,0x137,[kernel.kallsyms]
1766,1,__dquot_alloc_space,0x1f1,[kernel.kallsyms]
1767,1,__dquot_alloc_space,0x224,[kernel.kallsyms]
1768,1,__dquot_alloc_space,0x271,[kernel.kallsyms]
1769,1,__dquot_alloc_space,0x279,[kernel.kallsyms]
1770,1,__dquot_alloc_space,0x2a1,[kernel.kallsyms]
1771,1,__filemap_remove_folio,0x17,[kernel.kallsyms]
1772,1,__filemap_remove_folio,0x2a,[kernel.kallsyms]
1773,1,__filemap_remove_folio,0x35,[kernel.kallsyms]
1774,1,__filemap_remove_folio,0xd0,[kernel.kallsyms]
1775,1,__folio_batch_add_and_move,0x5,[kernel.kallsyms]
1776,1,__folio_batch_add_and_move,0x42,[kernel.kallsyms]
1777,1,__folio_batch_add_and_move,0x8b,[kernel.kallsyms]
1778,1,__folio_cancel_dirty,0x18,[kernel.kallsyms]
1779,1,__folio_cancel_dirty,0x29,[kernel.kallsyms]
1780,1,__free_one_page,0x15,[kernel.kallsyms]
1781,1,__free_one_page,0x28,[kernel.kallsyms]
1782,1,__free_one_page,0x64,[kernel.kallsyms]
1783,1,__free_one_page,0x88,[kernel.kallsyms]
1784,1,__free_one_page,0xc4,[kernel.kallsyms]
1785,1,__free_one_page,0x1b5,[kernel.kallsyms]
1786,1,__free_one_page,0x29f,[kernel.kallsyms]
1787,1,__fsnotify_parent,0x0,[kernel.kallsyms]
1788,1,__fsnotify_parent,0xe5,[kernel.kallsyms]
1789,1,__fsnotify_parent,0x1c6,[kernel.kallsyms]
1790,1,__fsnotify_parent,0x1d7,[kernel.kallsyms]
1791,1,__handle_mm_fault,0x12f,[kernel.kallsyms]
1792,1,__hrtimer_next_event_base,0x7b,[kernel.kallsyms]
1793,1,__hrtimer_next_event_base,0xb2,[kernel.kallsyms]
1794,1,__hrtimer_next_event_base,0xc8,[kernel.kallsyms]
1795,1,__hrtimer_run_queues,0x35,[kernel.kallsyms]
1796,1,__hrtimer_run_queues,0x117,[kernel.kallsyms]
1797,1,__hrtimer_run_queues,0x139,[kernel.kallsyms]
1798,1,__hrtimer_run_queues,0x22e,[kernel.kallsyms]
1799,1,__inode_add_bytes,0x1a,[kernel.kallsyms]
1800,1,__inode_add_bytes,0x53,[kernel.kallsyms]
1801,1,__irq_exit_rcu,0xf,[kernel.kallsyms]
1802,1,__irq_exit_rcu,0x1a,[kernel.kallsyms]
1803,1,__irqentry_text_end,0x30,[kernel.kallsyms]
1804,1,__kmalloc_noprof,0xb2,[kernel.kallsyms]
1805,1,__kmalloc_noprof,0xfc,[kernel.kallsyms]
1806,1,__kmalloc_noprof,0x19a,[kernel.kallsyms]
1807,1,__kmalloc_noprof,0x4c4,[kernel.kallsyms]
1808,1,__kmalloc_noprof,0x4d4,[kernel.kallsyms]
1809,1,__mark_inode_dirty,0x344,[kernel.kallsyms]
1810,1,__mem_cgroup_charge,0x19,[kernel.kallsyms]
1811,1,__mem_cgroup_uncharge_folios,0x5c,[kernel.kallsyms]
1812,1,__memcg_slab_free_hook,0xb9,[kernel.kallsyms]
1813,1,__memcg_slab_free_hook,0x125,[kernel.kallsyms]
1814,1,__memcg_slab_free_hook,0x133,[kernel.kallsyms]
1815,1,__memcg_slab_post_alloc_hook,0x1f9,[kernel.kallsyms]
1816,1,__memcg_slab_post_alloc_hook,0x211,[kernel.kallsyms]
1817,1,__memmove_avx_unaligned_erms,0x91,libc.so.6
1818,1,__memmove_avx_unaligned_erms,0x125,libc.so.6
1819,1,__memmove_avx_unaligned_erms,0x144,libc.so.6
1820,1,__memmove_avx_unaligned_erms,0x1b7,libc.so.6
1821,1,__memmove_avx_unaligned_erms,0x22a,libc.so.6
1822,1,__memset_avx2_unaligned_erms,0x40,libc.so.6
1823,1,__memset_avx2_unaligned_erms,0xc0,libc.so.6
1824,1,__next_zones_zonelist,0x18,[kernel.kallsyms]
1825,1,__nr_to_section,0x7,[kernel.kallsyms]
1826,1,__nr_to_section,0x2f,[kernel.kallsyms]
1827,1,__percpu_counter_limited_add,0x27,[kernel.kallsyms]
1828,1,__percpu_counter_limited_add,0x2f,[kernel.kallsyms]
1829,1,__percpu_counter_limited_add,0x3f,[kernel.kallsyms]
1830,1,__percpu_counter_limited_add,0xb5,[kernel.kallsyms]
1831,1,__percpu_counter_limited_add,0xef,[kernel.kallsyms]
1832,1,__percpu_counter_limited_add,0x11f,[kernel.kallsyms]
1833,1,__queue_work,0x16,[kernel.kallsyms]
1834,1,__queue_work.part.0,0x4f,[kernel.kallsyms]
1835,1,__queue_work.part.0,0x1b6,[kernel.kallsyms]
1836,1,__raw_spin_lock_irqsave,0x0,[kernel.kallsyms]
1837,1,__rcu_read_lock,0xe,[kernel.kallsyms]
1838,1,__rcu_read_lock,0x14,[kernel.kallsyms]
1839,1,__rcu_read_unlock,0x20,[kernel.kallsyms]
1840,1,__remove_hrtimer,0x0,[kernel.kallsyms]
1841,1,__remove_hrtimer,0x30,[kernel.kallsyms]
1842,1,__rmqueue_pcplist,0x49,[kernel.kallsyms]
1843,1,__rmqueue_pcplist,0x50,[kernel.kallsyms]
1844,1,__rmqueue_pcplist,0x8e,[kernel.kallsyms]
1845,1,__rmqueue_pcplist,0xdf,[kernel.kallsyms]
1846,1,__run_timers,0x1d0,[kernel.kallsyms]
1847,1,__schedule,0x75,[kernel.kallsyms]
1848,1,__set_next_task_fair.part.0,0x88,[kernel.kallsyms]
1849,1,__smp_call_single_queue,0x33,[kernel.kallsyms]
1850,1,__srcu_read_unlock,0x1a,[kernel.kallsyms]
1851,1,__srcu_read_unlock,0x24,[kernel.kallsyms]
1852,1,__syscall_cancel,0x18,libc.so.6
1853,1,__syscall_cancel,0xa4,libc.so.6
1854,1,__sysvec_apic_timer_interrupt,0xe,[kernel.kallsyms]
1855,1,__timekeeping_advance,0x28,[kernel.kallsyms]
1856,1,__timekeeping_advance,0x56,[kernel.kallsyms]
1857,1,__timekeeping_advance,0x6f,[kernel.kallsyms]
1858,1,__timekeeping_advance,0x87,[kernel.kallsyms]
1859,1,__timekeeping_advance,0x21d,[kernel.kallsyms]
1860,1,__update_load_avg_cfs_rq,0xb0,[kernel.kallsyms]
1861,1,__update_load_avg_cfs_rq,0xb6,[kernel.kallsyms]
1862,1,__update_load_avg_cfs_rq,0x10d,[kernel.kallsyms]
1863,1,__update_load_avg_cfs_rq,0x120,[kernel.kallsyms]
1864,1,__update_load_avg_cfs_rq,0x157,[kernel.kallsyms]
1865,1,__update_load_avg_cfs_rq,0x20e,[kernel.kallsyms]
1866,1,__update_load_avg_se,0x18,[kernel.kallsyms]
1867,1,__update_load_avg_se,0x3f,[kernel.kallsyms]
1868,1,__update_load_avg_se,0x4c,[kernel.kallsyms]
1869,1,__update_load_avg_se,0x129,[kernel.kallsyms]
1870,1,__update_load_avg_se,0x12d,[kernel.kallsyms]
1871,1,__update_load_avg_se,0x22e,[kernel.kallsyms]
1872,1,__update_load_avg_se,0x243,[kernel.kallsyms]
1873,1,__update_load_avg_se,0x297,[kernel.kallsyms]
1874,1,__update_load_avg_se,0x377,[kernel.kallsyms]
1875,1,__vm_enough_memory,0x5,[kernel.kallsyms]
1876,1,__vm_enough_memory,0x17,[kernel.kallsyms]
1877,1,__vm_enough_memory,0x36,[kernel.kallsyms]
1878,1,__vm_enough_memory,0x41,[kernel.kallsyms]
1879,1,__wake_up,0x5,[kernel.kallsyms]
1880,1,__wake_up,0x1d,[kernel.kallsyms]
1881,1,__x64_sys_read,0x5,[kernel.kallsyms]
1882,1,__x64_sys_read,0x20,[kernel.kallsyms]
1883,1,_copy_from_user,0x3e,[kernel.kallsyms]
1884,1,_copy_to_iter,0x40,[kernel.kallsyms]
1885,1,_copy_to_iter,0x70,[kernel.kallsyms]
1886,1,_copy_to_iter,0xbc,[kernel.kallsyms]
1887,1,_copy_to_iter,0xc4,[kernel.kallsyms]
1888,1,_find_first_bit,0xa,[kernel.kallsyms]
1889,1,_find_next_and_bit,0x20,[kernel.kallsyms]
1890,1,_raw_spin_lock,0x17,[kernel.kallsyms]
1891,1,_raw_spin_lock,0x2c,[kernel.kallsyms]
1892,1,_raw_spin_lock_irq,0x0,[kernel.kallsyms]
1893,1,_raw_spin_lock_irq,0x2c,[kernel.kallsyms]
1894,1,_raw_spin_lock_irq,0x34,[kernel.kallsyms]
1895,1,_raw_spin_lock_irqsave,0xf,[kernel.kallsyms]
1896,1,_raw_spin_trylock,0x5,[kernel.kallsyms]
1897,1,_raw_spin_unlock,0xf,[kernel.kallsyms]
1898,1,_raw_spin_unlock,0x1f,[kernel.kallsyms]
1899,1,_raw_spin_unlock_irq,0x0,[kernel.kallsyms]
1900,1,_raw_spin_unlock_irq,0x10,[kernel.kallsyms]
1901,1,_raw_spin_unlock_irq,0x15,[kernel.kallsyms]
1902,1,_raw_spin_unlock_irqrestore,0xc,[kernel.kallsyms]
1903,1,aa_file_perm,0x58,[kernel.kallsyms]
1904,1,acct_account_cputime,0x0,[kernel.kallsyms]
1905,1,acct_account_cputime,0x55,[kernel.kallsyms]
1906,1,alloc_pages_mpol,0x16,[kernel.kallsyms]
1907,1,alloc_pages_mpol,0x88,[kernel.kallsyms]
1908,1,arch_exit_to_user_mode_prepare.isra.0,0x22,[kernel.kallsyms]
1909,1,arch_exit_to_user_mode_prepare.isra.0,0x5d,[kernel.kallsyms]
1910,1,arch_exit_to_user_mode_prepare.isra.0,0xb0,[kernel.kallsyms]
1911,1,asm_sysvec_apic_timer_interrupt,0x6,[kernel.kallsyms]
1912,1,asm_sysvec_apic_timer_interrupt,0x16,[kernel.kallsyms]
1913,1,balance_dirty_pages_ratelimited,0xb,[kernel.kallsyms]
1914,1,begin_current_label_crit_section,0x9,[kernel.kallsyms]
1915,1,begin_current_label_crit_section,0x2e,[kernel.kallsyms]
1916,1,blk_stat_timer_fn,0x25,[kernel.kallsyms]
1917,1,btrfs_file_read_iter,0xc,[kernel.kallsyms]
1918,1,btrfs_file_read_iter,0x1a,[kernel.kallsyms]
1919,1,calc_global_load,0xc,[kernel.kallsyms]
1920,1,calc_global_load_tick,0x5,[kernel.kallsyms]
1921,1,calc_wheel_index,0x0,[kernel.kallsyms]
1922,1,cap_capable,0x2f,[kernel.kallsyms]
1923,1,cap_capable,0x53,[kernel.kallsyms]
1924,1,charge_memcg,0x54,[kernel.kallsyms]
1925,1,charge_memcg,0x61,[kernel.kallsyms]
1926,1,check_cpu_stall,0x0,[kernel.kallsyms]
1927,1,check_cpu_stall,0x11,[kernel.kallsyms]
1928,1,check_cpu_stall,0x4c,[kernel.kallsyms]
1929,1,clear_bhb_loop,0x50,[kernel.kallsyms]
1930,1,clear_bhb_loop,0x89,[kernel.kallsyms]
1931,1,clockevents_program_event,0x3d,[kernel.kallsyms]
1932,1,copy_folio_from_iter_atomic,0x19,[kernel.kallsyms]
1933,1,copy_folio_from_iter_atomic,0x66,[kernel.kallsyms]
1934,1,copy_folio_from_iter_atomic,0x7a,[kernel.kallsyms]
1935,1,copy_folio_from_iter_atomic,0xbb,[kernel.kallsyms]
1936,1,copy_folio_from_iter_atomic,0xc1,[kernel.kallsyms]
1937,1,copy_folio_from_iter_atomic,0xc6,[kernel.kallsyms]
1938,1,copy_folio_from_iter_atomic,0xc9,[kernel.kallsyms]
1939,1,copy_folio_from_iter_atomic,0xde,[kernel.kallsyms]
1940,1,copy_folio_from_iter_atomic,0x108,[kernel.kallsyms]
1941,1,copy_folio_from_iter_atomic,0x130,[kernel.kallsyms]
1942,1,copy_folio_from_iter_atomic,0x16c,[kernel.kallsyms]
1943,1,copy_folio_from_iter_atomic,0x173,[kernel.kallsyms]
1944,1,copy_page_to_iter,0x0,[kernel.kallsyms]
1945,1,copy_page_to_iter,0x4,[kernel.kallsyms]
1946,1,copy_page_to_iter,0x1c,[kernel.kallsyms]
1947,1,copy_page_to_iter,0xb5,[kernel.kallsyms]
1948,1,count_memcg_events,0x16e,[kernel.kallsyms]
1949,1,cpuacct_charge,0x2e,[kernel.kallsyms]
1950,1,do_lookup_x,0xf2,ld-linux-x86-64.so.2
1951,1,do_syscall_64,0x0,[kernel.kallsyms]
1952,1,do_syscall_64,0x1e,[kernel.kallsyms]
1953,1,do_syscall_64,0x193,[kernel.kallsyms]
1954,1,down_write,0x5,[kernel.kallsyms]
1955,1,down_write,0x45,[kernel.kallsyms]
1956,1,dput,0xa,[kernel.kallsyms]
1957,1,dquot_add_space,0x2a,[kernel.kallsyms]
1958,1,drain_obj_stock,0x44,[kernel.kallsyms]
1959,1,enqueue_entity,0x231,[kernel.kallsyms]
1960,1,entry_SYSCALL_64,0x1f,[kernel.kallsyms]
1961,1,entry_SYSCALL_64_after_hwframe,0x3e,[kernel.kallsyms]
1962,1,entry_SYSCALL_64_after_hwframe,0x76,[kernel.kallsyms]
1963,1,entry_SYSRETQ_unsafe_stack,0xa,[kernel.kallsyms]
1964,1,error_entry,0x3d,[kernel.kallsyms]
1965,1,error_return,0x0,[kernel.kallsyms]
1966,1,file_remove_privs,0x15,[kernel.kallsyms]
1967,1,file_update_time_flags,0xa5,[kernel.kallsyms]
1968,1,filemap_get_entry,0x0,[kernel.kallsyms]
1969,1,filemap_get_entry,0xe,[kernel.kallsyms]
1970,1,filemap_get_entry,0x28,[kernel.kallsyms]
1971,1,filemap_get_entry,0x59,[kernel.kallsyms]
1972,1,filemap_get_entry,0x69,[kernel.kallsyms]
1973,1,filemap_get_entry,0x10b,[kernel.kallsyms]
1974,1,filemap_get_pages,0x2e4,[kernel.kallsyms]
1975,1,filemap_get_read_batch,0x2a,[kernel.kallsyms]
1976,1,filemap_get_read_batch,0x145,[kernel.kallsyms]
1977,1,filemap_get_read_batch,0x15a,[kernel.kallsyms]
1978,1,filemap_get_read_batch,0x229,[kernel.kallsyms]
1979,1,filemap_get_read_batch,0x283,[kernel.kallsyms]
1980,1,filemap_get_read_batch,0x297,[kernel.kallsyms]
1981,1,filemap_read,0x5a,[kernel.kallsyms]
1982,1,filemap_read,0x1e3,[kernel.kallsyms]
1983,1,filemap_read,0x1ec,[kernel.kallsyms]
1984,1,filemap_read,0x212,[kernel.kallsyms]
1985,1,filemap_read,0x223,[kernel.kallsyms]
1986,1,filemap_read,0x25c,[kernel.kallsyms]
1987,1,filemap_read,0x26b,[kernel.kallsyms]
1988,1,filemap_read,0x2a7,[kernel.kallsyms]
1989,1,filemap_read,0x2b3,[kernel.kallsyms]
1990,1,filemap_read,0x2c5,[kernel.kallsyms]
1991,1,filemap_read,0x39c,[kernel.kallsyms]
1992,1,filemap_remove_folio,0x85,[kernel.kallsyms]
1993,1,filemap_remove_folio,0x96,[kernel.kallsyms]
1994,1,filemap_remove_folio,0xad,[kernel.kallsyms]
1995,1,filemap_unaccount_folio,0x89,[kernel.kallsyms]
1996,1,filemap_unaccount_folio,0x93,[kernel.kallsyms]
1997,1,find_lock_entries,0xc5,[kernel.kallsyms]
1998,1,folio_add_lru,0x54,[kernel.kallsyms]
1999,1,folio_alloc_mpol_noprof,0xf,[kernel.kallsyms]
2000,1,folio_alloc_mpol_noprof,0x26,[kernel.kallsyms]
2001,1,folio_batch_move_lru,0x6e,[kernel.kallsyms]
2002,1,folio_batch_move_lru,0xad,[kernel.kallsyms]
2003,1,folio_batch_move_lru,0x112,[kernel.kallsyms]
2004,1,folio_lruvec_lock_irqsave,0x0,[kernel.kallsyms]
2005,1,folio_lruvec_lock_irqsave,0xf,[kernel.kallsyms]
2006,1,folio_mapping,0x6,[kernel.kallsyms]
2007,1,folio_mark_accessed,0x5,[kernel.kallsyms]
2008,1,folio_unlock,0xd,[kernel.kallsyms]
2009,1,folios_put_refs,0x4c,[kernel.kallsyms]
2010,1,fpregs_assert_state_consistent,0x6,[kernel.kallsyms]
2011,1,fread@plt,0x0,zstd
2012,1,fread@plt,0x4,zstd
2013,1,free_frozen_page_commit.isra.0,0x64,[kernel.kallsyms]
2014,1,free_frozen_page_commit.isra.0,0xbf,[kernel.kallsyms]
2015,1,free_frozen_page_commit.isra.0,0x273,[kernel.kallsyms]
2016,1,free_frozen_page_commit.isra.0,0x2c6,[kernel.kallsyms]
2017,1,free_frozen_page_commit.isra.0,0x2cc,[kernel.kallsyms]
2018,1,free_unref_folios,0xc5,[kernel.kallsyms]
2019,1,free_unref_folios,0xdd,[kernel.kallsyms]
2020,1,free_unref_folios,0x26c,[kernel.kallsyms]
2021,1,free_unref_folios,0x28a,[kernel.kallsyms]
2022,1,free_unref_folios,0x345,[kernel.kallsyms]
2023,1,free_unref_folios,0x376,[kernel.kallsyms]
2024,1,free_unref_folios,0x52c,[kernel.kallsyms]
2025,1,fsnotify,0x1be,[kernel.kallsyms]
2026,1,fsnotify,0x1e4,[kernel.kallsyms]
2027,1,fsnotify,0x297,[kernel.kallsyms]
2028,1,fsnotify,0x317,[kernel.kallsyms]
2029,1,fsnotify,0x31d,[kernel.kallsyms]
2030,1,fsnotify,0x32a,[kernel.kallsyms]
2031,1,fsnotify,0x343,[kernel.kallsyms]
2032,1,fsnotify,0x383,[kernel.kallsyms]
2033,1,fsnotify,0x410,[kernel.kallsyms]
2034,1,fsnotify,0x61b,[kernel.kallsyms]
2035,1,fsnotify_destroy_event,0x5b,[kernel.kallsyms]
2036,1,fsnotify_handle_inode_event.isra.0,0x0,[kernel.kallsyms]
2037,1,fsnotify_insert_event,0x5,[kernel.kallsyms]
2038,1,generic_perform_write,0x25,[kernel.kallsyms]
2039,1,generic_write_check_limits,0x22,[kernel.kallsyms]
2040,1,generic_write_check_limits,0x55,[kernel.kallsyms]
2041,1,generic_write_checks,0x94,[kernel.kallsyms]
2042,1,get_mem_cgroup_from_mm,0x3c,[kernel.kallsyms]
2043,1,get_mem_cgroup_from_mm,0x40,[kernel.kallsyms]
2044,1,get_mem_cgroup_from_mm,0x54,[kernel.kallsyms]
2045,1,get_mem_cgroup_from_mm,0x66,[kernel.kallsyms]
2046,1,get_page_from_freelist,0x62,[kernel.kallsyms]
2047,1,get_page_from_freelist,0x6a,[kernel.kallsyms]
2048,1,get_page_from_freelist,0x10b,[kernel.kallsyms]
2049,1,get_page_from_freelist,0x11c,[kernel.kallsyms]
2050,1,get_page_from_freelist,0x190,[kernel.kallsyms]
2051,1,get_page_from_freelist,0x47e,[kernel.kallsyms]
2052,1,get_page_from_freelist,0x4a3,[kernel.kallsyms]
2053,1,get_task_policy,0x48,[kernel.kallsyms]
2054,1,get_task_policy,0x50,[kernel.kallsyms]
2055,1,get_vma_policy,0x15,[kernel.kallsyms]
2056,1,hrtimer_interrupt,0xd,[kernel.kallsyms]
2057,1,hrtimer_interrupt,0x9c,[kernel.kallsyms]
2058,1,hrtimer_interrupt,0xb8,[kernel.kallsyms]
2059,1,idle_cpu,0x0,[kernel.kallsyms]
2060,1,idle_cpu,0x2a,[kernel.kallsyms]
2061,1,idle_cpu,0x2e,[kernel.kallsyms]
2062,1,inode_maybe_inc_iversion,0x6f,[kernel.kallsyms]
2063,1,inode_set_ctime_current,0xe,[kernel.kallsyms]
2064,1,inode_to_bdi,0x17,[kernel.kallsyms]
2065,1,inode_update_time,0x170,[kernel.kallsyms]
2066,1,inode_update_time,0x190,[kernel.kallsyms]
2067,1,inotify_handle_inode_event,0x9,[kernel.kallsyms]
2068,1,inotify_handle_inode_event,0x4b,[kernel.kallsyms]
2069,1,inotify_merge,0x0,[kernel.kallsyms]
2070,1,inotify_merge,0xb,[kernel.kallsyms]
2071,1,intel_check_word.constprop.0,0xed,ld-linux-x86-64.so.2
2072,1,ip_skb_dst_mtu,0x0,[kernel.kallsyms]
2073,1,irq_work_tick,0x35,[kernel.kallsyms]
2074,1,irqentry_exit,0x8f,[kernel.kallsyms]
2075,1,irqentry_exit,0x92,[kernel.kallsyms]
2076,1,kernel_init_pages,0x2f,[kernel.kallsyms]
2077,1,kfree,0x8a,[kernel.kallsyms]
2078,1,kfree,0x118,[kernel.kallsyms]
2079,1,kmem_cache_alloc_lru_noprof,0x22,[kernel.kallsyms]
2080,1,ksys_read,0x9,[kernel.kallsyms]
2081,1,kthread_is_per_cpu,0x1d,[kernel.kallsyms]
2082,1,ktime_get_coarse_real_ts64_mg,0x1a,[kernel.kallsyms]
2083,1,ktime_get_coarse_real_ts64_mg,0x4c,[kernel.kallsyms]
2084,1,ktime_get_coarse_real_ts64_mg,0x5f,[kernel.kallsyms]
2085,1,ktime_get_update_offsets_now,0x10,[kernel.kallsyms]
2086,1,ktime_get_update_offsets_now,0x2a,[kernel.kallsyms]
2087,1,lapic_next_deadline,0x9,[kernel.kallsyms]
2088,1,lapic_next_deadline,0x15,[kernel.kallsyms]
2089,1,lapic_next_deadline,0x3b,[kernel.kallsyms]
2090,1,lockref_get_not_zero,0x27,[kernel.kallsyms]
2091,1,lockref_put_return,0x27,[kernel.kallsyms]
2092,1,lru_add,0x18,[kernel.kallsyms]
2093,1,lru_add,0x30,[kernel.kallsyms]
2094,1,lru_add,0x43,[kernel.kallsyms]
2095,1,lru_add,0x18e,[kernel.kallsyms]
2096,1,lru_add,0x19c,[kernel.kallsyms]
2097,1,lru_gen_add_folio,0x52,[kernel.kallsyms]
2098,1,lru_gen_add_folio,0x61,[kernel.kallsyms]
2099,1,lru_gen_add_folio,0xe5,[kernel.kallsyms]
2100,1,lru_gen_add_folio,0x103,[kernel.kallsyms]
2101,1,lru_gen_add_folio,0x176,[kernel.kallsyms]
2102,1,lru_gen_add_folio,0x308,[kernel.kallsyms]
2103,1,lru_gen_add_folio,0x336,[kernel.kallsyms]
2104,1,lru_gen_add_folio,0x33e,[kernel.kallsyms]
2105,1,lru_gen_del_folio.constprop.0,0x1,[kernel.kallsyms]
2106,1,lru_gen_del_folio.constprop.0,0xea,[kernel.kallsyms]
2107,1,lru_gen_del_folio.constprop.0,0x1e1,[kernel.kallsyms]
2108,1,lru_gen_del_folio.constprop.0,0x242,[kernel.kallsyms]
2109,1,lruvec_stat_mod_folio,0x6,[kernel.kallsyms]
2110,1,lruvec_stat_mod_folio,0x13,[kernel.kallsyms]
2111,1,lruvec_stat_mod_folio,0x24,[kernel.kallsyms]
2112,1,lruvec_stat_mod_folio,0x73,[kernel.kallsyms]
2113,1,lruvec_stat_mod_folio,0x7a,[kernel.kallsyms]
2114,1,lruvec_stat_mod_folio,0x88,[kernel.kallsyms]
2115,1,lruvec_stat_mod_folio,0x99,[kernel.kallsyms]
2116,1,memcpy@plt,0x0,zstd
2117,1,memcpy@plt,0x4,zstd
2118,1,memset,0xf,ld-linux-x86-64.so.2
2119,1,memset_orig,0x46,[kernel.kallsyms]
2120,1,mksaveddirty_shift,0xd,[kernel.kallsyms]
2121,1,mod_lruvec_state,0x13,[kernel.kallsyms]
2122,1,mod_memcg_lruvec_state,0x16,[kernel.kallsyms]
2123,1,mod_memcg_lruvec_state,0x33,[kernel.kallsyms]
2124,1,mod_memcg_lruvec_state,0x37,[kernel.kallsyms]
2125,1,mod_memcg_lruvec_state,0x91,[kernel.kallsyms]
2126,1,mod_memcg_lruvec_state,0x9d,[kernel.kallsyms]
2127,1,mod_memcg_lruvec_state,0xac,[kernel.kallsyms]
2128,1,mod_memcg_lruvec_state,0xf4,[kernel.kallsyms]
2129,1,mod_memcg_lruvec_state,0x11d,[kernel.kallsyms]
2130,1,mod_memcg_lruvec_state,0x159,[kernel.kallsyms]
2131,1,mod_memcg_state,0x88,[kernel.kallsyms]
2132,1,mod_memcg_state,0x128,[kernel.kallsyms]
2133,1,mod_node_page_state,0x6,[kernel.kallsyms]
2134,1,mod_node_page_state,0x1a,[kernel.kallsyms]
2135,1,mod_node_page_state,0x2b,[kernel.kallsyms]
2136,1,mod_node_page_state,0x33,[kernel.kallsyms]
2137,1,mod_node_page_state,0x37,[kernel.kallsyms]
2138,1,mod_node_page_state,0x46,[kernel.kallsyms]
2139,1,mod_node_page_state,0x49,[kernel.kallsyms]
2140,1,mod_node_page_state,0x52,[kernel.kallsyms]
2141,1,mod_node_page_state,0x65,[kernel.kallsyms]
2142,1,mod_node_page_state,0x8c,[kernel.kallsyms]
2143,1,mod_node_page_state,0x93,[kernel.kallsyms]
2144,1,mpol_shared_policy_lookup,0x65,[kernel.kallsyms]
2145,1,native_write_msr,0x11,[kernel.kallsyms]
2146,1,native_write_msr,0x17,[kernel.kallsyms]
2147,1,nft_counter_eval,0x26,[kernel.kallsyms]
2148,1,nohz_balancer_kick,0x59,[kernel.kallsyms]
2149,1,nohz_balancer_kick,0xb6,[kernel.kallsyms]
2150,1,noop_dirty_folio,0x1d,[kernel.kallsyms]
2151,1,notifier_call_chain,0x16,[kernel.kallsyms]
2152,1,notifier_call_chain,0x5a,[kernel.kallsyms]
2153,1,ntp_tick_length,0x19,[kernel.kallsyms]
2154,1,obj_cgroup_charge_account,0x18,[kernel.kallsyms]
2155,1,obj_cgroup_charge_account,0x41,[kernel.kallsyms]
2156,1,obj_cgroup_charge_account,0x287,[kernel.kallsyms]
2157,1,page_counter_try_charge,0x10,[kernel.kallsyms]
2158,1,page_counter_try_charge,0x13,[kernel.kallsyms]
2159,1,page_counter_try_charge,0x1c,[kernel.kallsyms]
2160,1,page_counter_try_charge,0x58,[kernel.kallsyms]
2161,1,page_counter_uncharge,0x14,[kernel.kallsyms]
2162,1,percpu_counter_add_batch,0xa,[kernel.kallsyms]
2163,1,percpu_counter_add_batch,0xe,[kernel.kallsyms]
2164,1,percpu_counter_add_batch,0x18,[kernel.kallsyms]
2165,1,percpu_counter_add_batch,0x1e,[kernel.kallsyms]
2166,1,perf_adjust_freq_unthr_context,0x8,[kernel.kallsyms]
2167,1,perf_ctx_disable,0x2f,[kernel.kallsyms]
2168,1,perf_event_task_tick,0x63,[kernel.kallsyms]
2169,1,pick_eevdf,0x95,[kernel.kallsyms]
2170,1,post_alloc_hook,0x78,[kernel.kallsyms]
2171,1,propagate_entity_load_avg,0x1a,[kernel.kallsyms]
2172,1,psi_group_change,0x3d,[kernel.kallsyms]
2173,1,psi_task_change,0xb4,[kernel.kallsyms]
2174,1,psi_task_switch,0xd2,[kernel.kallsyms]
2175,1,psi_task_switch,0x25c,[kernel.kallsyms]
2176,1,pvclock_gtod_notify,0x2e,[kernel.kallsyms]
2177,1,raw_spin_rq_lock_nested,0x5,[kernel.kallsyms]
2178,1,raw_spin_rq_unlock,0xb,[kernel.kallsyms]
2179,1,rb_erase,0xce,[kernel.kallsyms]
2180,1,rb_next,0x40,[kernel.kallsyms]
2181,1,rcu_sched_clock_irq,0xdc,[kernel.kallsyms]
2182,1,refill_obj_stock,0x14d,[kernel.kallsyms]
2183,1,refill_stock,0x0,[kernel.kallsyms]
2184,1,refill_stock,0x8a,[kernel.kallsyms]
2185,1,rep_movs_alternative,0x4,[kernel.kallsyms]
2186,1,rep_stos_alternative,0x4,[kernel.kallsyms]
2187,1,rmqueue.isra.0,0x9,[kernel.kallsyms]
2188,1,rmqueue.isra.0,0xb,[kernel.kallsyms]
2189,1,rmqueue_bulk,0x17f,[kernel.kallsyms]
2190,1,rmqueue_bulk,0x2c9,[kernel.kallsyms]
2191,1,rmqueue_bulk,0x69f,[kernel.kallsyms]
2192,1,rmqueue_bulk,0x8ce,[kernel.kallsyms]
2193,1,rmqueue_pcplist,0x13,[kernel.kallsyms]
2194,1,rmqueue_pcplist,0x64,[kernel.kallsyms]
2195,1,rmqueue_pcplist,0x8d,[kernel.kallsyms]
2196,1,rmqueue_pcplist,0x10d,[kernel.kallsyms]
2197,1,rps_timer,0x0,[kernel.kallsyms]
2198,1,run_posix_cpu_timers,0x57,[kernel.kallsyms]
2199,1,scale_up,0xd4,[kernel.kallsyms]
2200,1,sched_balance_update_blocked_averages,0x0,[kernel.kallsyms]
2201,1,sched_clock_cpu,0x4,[kernel.kallsyms]
2202,1,sched_clock_noinstr,0xa,[kernel.kallsyms]
2203,1,sched_tick,0x9,[kernel.kallsyms]
2204,1,sched_tick,0x70,[kernel.kallsyms]
2205,1,sched_tick,0x77,[kernel.kallsyms]
2206,1,sched_tick,0xa2,[kernel.kallsyms]
2207,1,sched_tick,0xf4,[kernel.kallsyms]
2208,1,scx_tick,0x7,[kernel.kallsyms]
2209,1,scx_tick,0xb,[kernel.kallsyms]
2210,1,security_file_permission,0x0,[kernel.kallsyms]
2211,1,security_file_permission,0xf,[kernel.kallsyms]
2212,1,security_vm_enough_memory_mm,0x5,[kernel.kallsyms]
2213,1,security_vm_enough_memory_mm,0x14,[kernel.kallsyms]
2214,1,select_task_rq,0xbe,[kernel.kallsyms]
2215,1,select_task_rq_fair,0xed,[kernel.kallsyms]
2216,1,send_to_group,0x59,[kernel.kallsyms]
2217,1,send_to_group,0xe2,[kernel.kallsyms]
2218,1,send_to_group,0xe7,[kernel.kallsyms]
2219,1,send_to_group,0xff,[kernel.kallsyms]
2220,1,send_to_group,0x108,[kernel.kallsyms]
2221,1,send_to_group,0x10a,[kernel.kallsyms]
2222,1,set_next_entity,0x114,[kernel.kallsyms]
2223,1,shmem_add_to_page_cache,0x8a,[kernel.kallsyms]
2224,1,shmem_add_to_page_cache,0xa1,[kernel.kallsyms]
2225,1,shmem_add_to_page_cache,0xcc,[kernel.kallsyms]
2226,1,shmem_add_to_page_cache,0x137,[kernel.kallsyms]
2227,1,shmem_add_to_page_cache,0x15d,[kernel.kallsyms]
2228,1,shmem_alloc_and_add_folio,0x0,[kernel.kallsyms]
2229,1,shmem_alloc_and_add_folio,0x1c4,[kernel.kallsyms]
2230,1,shmem_alloc_folio,0x5,[kernel.kallsyms]
2231,1,shmem_alloc_folio,0x34,[kernel.kallsyms]
2232,1,shmem_alloc_folio,0x3e,[kernel.kallsyms]
2233,1,shmem_alloc_folio,0x9e,[kernel.kallsyms]
2234,1,shmem_allowable_huge_orders,0x9,[kernel.kallsyms]
2235,1,shmem_allowable_huge_orders,0x14b,[kernel.kallsyms]
2236,1,shmem_file_write_iter,0x1f,[kernel.kallsyms]
2237,1,shmem_file_write_iter,0x54,[kernel.kallsyms]
2238,1,shmem_get_folio_gfp,0x42,[kernel.kallsyms]
2239,1,shmem_get_folio_gfp,0x125,[kernel.kallsyms]
2240,1,shmem_huge_global_enabled.isra.0,0x0,[kernel.kallsyms]
2241,1,shmem_inode_acct_blocks,0x23,[kernel.kallsyms]
2242,1,shmem_recalc_inode,0x1e,[kernel.kallsyms]
2243,1,shmem_undo_range,0x2ee,[kernel.kallsyms]
2244,1,shmem_update_stats,0x6,[kernel.kallsyms]
2245,1,shmem_write_begin,0x5,[kernel.kallsyms]
2246,1,shmem_write_begin,0xa1,[kernel.kallsyms]
2247,1,shmem_write_end,0x9,[kernel.kallsyms]
2248,1,shmem_write_end,0x5f,[kernel.kallsyms]
2249,1,shmem_write_end,0x67,[kernel.kallsyms]
2250,1,shmem_write_end,0x6c,[kernel.kallsyms]
2251,1,sized_strscpy,0x0,[kernel.kallsyms]
2252,1,sized_strscpy,0xef,[kernel.kallsyms]
2253,1,sized_strscpy,0xf7,[kernel.kallsyms]
2254,1,strcmp,0x14,[kernel.kallsyms]
2255,1,strcmp,0x16,[kernel.kallsyms]
2256,1,strnlen_user,0xb3,[kernel.kallsyms]
2257,1,syscall_return_via_sysret,0x26,[kernel.kallsyms]
2258,1,sysvec_apic_timer_interrupt,0x4f,[kernel.kallsyms]
2259,1,task_tick_fair,0x0,[kernel.kallsyms]
2260,1,task_tick_fair,0x54,[kernel.kallsyms]
2261,1,task_tick_fair,0x5c,[kernel.kallsyms]
2262,1,task_tick_fair,0x69,[kernel.kallsyms]
2263,1,task_tick_fair,0xe7,[kernel.kallsyms]
2264,1,task_tick_fair,0xf4,[kernel.kallsyms]
2265,1,task_tick_fair,0x1e0,[kernel.kallsyms]
2266,1,tick_nohz_handler,0xb,[kernel.kallsyms]
2267,1,tick_nohz_handler,0x1d,[kernel.kallsyms]
2268,1,tick_nohz_handler,0x165,[kernel.kallsyms]
2269,1,timekeeping_adjust,0x3f,[kernel.kallsyms]
2270,1,timekeeping_adjust,0x66,[kernel.kallsyms]
2271,1,timekeeping_adjust,0x7c,[kernel.kallsyms]
2272,1,timekeeping_adjust,0x80,[kernel.kallsyms]
2273,1,timekeeping_adjust,0xab,[kernel.kallsyms]
2274,1,timekeeping_update_from_shadow,0x53,[kernel.kallsyms]
2275,1,timekeeping_update_from_shadow,0x5a,[kernel.kallsyms]
2276,1,timekeeping_update_from_shadow,0x10e,[kernel.kallsyms]
2277,1,timekeeping_update_from_shadow,0x177,[kernel.kallsyms]
2278,1,timerqueue_add,0x44,[kernel.kallsyms]
2279,1,tmigr_next_groupevt,0x70,[kernel.kallsyms]
2280,1,tmigr_requires_handle_remote,0x65,[kernel.kallsyms]
2281,1,tmigr_requires_handle_remote,0x7f,[kernel.kallsyms]
2282,1,tmigr_requires_handle_remote,0xc7,[kernel.kallsyms]
2283,1,tmigr_requires_handle_remote,0xf3,[kernel.kallsyms]
2284,1,tmigr_update_events,0x127,[kernel.kallsyms]
2285,1,truncate_cleanup_folio,0x25,[kernel.kallsyms]
2286,1,try_charge_memcg,0x1d,[kernel.kallsyms]
2287,1,try_charge_memcg,0x64,[kernel.kallsyms]
2288,1,try_charge_memcg,0x6b,[kernel.kallsyms]
2289,1,try_charge_memcg,0x8a,[kernel.kallsyms]
2290,1,try_charge_memcg,0x1f2,[kernel.kallsyms]
2291,1,try_charge_memcg,0x42e,[kernel.kallsyms]
2292,1,ttwu_queue_wakelist,0x20,[kernel.kallsyms]
2293,1,update_cfs_group,0x26,[kernel.kallsyms]
2294,1,update_cfs_group,0x75,[kernel.kallsyms]
2295,1,update_cfs_group,0x82,[kernel.kallsyms]
2296,1,update_curr,0x6c,[kernel.kallsyms]
2297,1,update_curr,0x95,[kernel.kallsyms]
2298,1,update_curr,0x9a,[kernel.kallsyms]
2299,1,update_curr,0xf3,[kernel.kallsyms]
2300,1,update_curr_dl_se,0x7c,[kernel.kallsyms]
2301,1,update_curr_dl_se,0x207,[kernel.kallsyms]
2302,1,update_deadline,0x1b,[kernel.kallsyms]
2303,1,update_deadline,0x61,[kernel.kallsyms]
2304,1,update_dl_rq_load_avg,0x8,[kernel.kallsyms]
2305,1,update_fast_timekeeper,0x0,[kernel.kallsyms]
2306,1,update_fast_timekeeper,0x4b,[kernel.kallsyms]
2307,1,update_process_times,0x69,[kernel.kallsyms]
2308,1,update_process_times,0x6b,[kernel.kallsyms]
2309,1,update_process_times,0xb1,[kernel.kallsyms]
2310,1,update_se,0x5,[kernel.kallsyms]
2311,1,update_se,0x30,[kernel.kallsyms]
2312,1,update_sg_lb_stats,0x33a,[kernel.kallsyms]
2313,1,update_vdso_time_data,0x0,[kernel.kallsyms]
2314,1,update_vdso_time_data,0x152,[kernel.kallsyms]
2315,1,update_vdso_time_data,0x179,[kernel.kallsyms]
2316,1,update_vsyscall,0x5,[kernel.kallsyms]
2317,1,update_vsyscall,0xd,[kernel.kallsyms]
2318,1,update_vsyscall,0x70,[kernel.kallsyms]
2319,1,update_vsyscall,0x9f,[kernel.kallsyms]
2320,1,update_wall_time,0xdd,[kernel.kallsyms]
2321,1,vfs_read,0x139,[kernel.kallsyms]
2322,1,vfs_write,0x90,[kernel.kallsyms]
2323,1,vfs_write,0x97,[kernel.kallsyms]
2324,1,vfs_write,0x16b,[kernel.kallsyms]
2325,1,vfs_write,0x28b,[kernel.kallsyms]
2326,1,vfs_write,0x28f,[kernel.kallsyms]
2327,1,vfs_write,0x2a3,[kernel.kallsyms]
2328,1,vfs_write,0x2fa,[kernel.kallsyms]
2329,1,vfs_write,0x338,[kernel.kallsyms]
2330,1,vm_stat_account,0x5,[kernel.kallsyms]
2331,1,vms_complete_munmap_vmas,0xec,[kernel.kallsyms]
2332,1,x64_sys_call,0x1fec,[kernel.kallsyms]
2333,1,xas_alloc,0x90,[kernel.kallsyms]
2334,1,xas_clear_mark,0x11,[kernel.kallsyms]
2335,1,xas_clear_mark,0x21,[kernel.kallsyms]
2336,1,xas_clear_mark,0x61,[kernel.kallsyms]
2337,1,xas_clear_mark,0x66,[kernel.kallsyms]
2338,1,xas_clear_mark,0x69,[kernel.kallsyms]
2339,1,xas_create,0xed,[kernel.kallsyms]
2340,1,xas_create,0x188,[kernel.kallsyms]
2341,1,xas_find,0x78,[kernel.kallsyms]
2342,1,xas_find,0xb1,[kernel.kallsyms]
2343,1,xas_find,0xc0,[kernel.kallsyms]
2344,1,xas_find_conflict,0x43,[kernel.kallsyms]
2345,1,xas_find_conflict,0xf6,[kernel.kallsyms]
2346,1,xas_find_conflict,0x138,[kernel.kallsyms]
2347,1,xas_find_conflict,0x15c,[kernel.kallsyms]
2348,1,xas_find_conflict,0x15f,[kernel.kallsyms]
2349,1,xas_init_marks,0xf,[kernel.kallsyms]
2350,1,xas_init_marks,0x24,[kernel.kallsyms]
2351,1,xas_load,0x42,[kernel.kallsyms]
2352,1,xas_load,0x72,[kernel.kallsyms]
2353,1,xas_nomem,0x9,[kernel.kallsyms]
2354,1,xas_nomem,0x69,[kernel.kallsyms]
2355,1,xas_start,0xf,[kernel.kallsyms]
2356,1,xas_start,0x2d,[kernel.kallsyms]
2357,1,xas_start,0x63,[kernel.kallsyms]
2358,1,xas_start,0x6d,[kernel.kallsyms]
2359,1,xas_start,0xe7,[kernel.kallsyms]
2360,1,xas_store,0x6,[kernel.kallsyms]
2361,1,xas_store,0xfd,[kernel.kallsyms]
2362,1,xas_store,0x101,[kernel.kallsyms]
2363,1,xas_store,0x10f,[kernel.kallsyms]
2364,1,xas_store,0x11c,[kernel.kallsyms]
2365,1,xas_store,0x154,[kernel.kallsyms]
2366,1,xas_store,0x15d,[kernel.kallsyms]
2367,1,xas_store,0x21c,[kernel.kallsyms]
2368,1,xas_store,0x287,[kernel.kallsyms]
2369,1,xas_store,0x2be,[kernel.kallsyms]
2370,1,xas_store,0x2fa,[kernel.kallsyms]
2371,1,xmit_one.constprop.0,0x172,[kernel.kallsyms]
2372,1,zap_present_ptes.constprop.0,0x4c,[kernel.kallsyms]
2373,1,zap_present_ptes.constprop.0,0x89,[kernel.kallsyms]
2374,1,zap_pte_range,0x1e0,[kernel.kallsyms]
