rank,count,function,offset,file
1,8260,ZSTD_compressBlock_doubleFast_extDict_generic,0x1ee,zstd
2,3474,ZSTD_compressBlock_doubleFast_extDict_generic,0x17c,zstd
3,2964,ZSTD_compressBlock_doubleFast_extDict_generic,0x20c,zstd
4,1787,ZSTD_compressBlock_doubleFast_extDict_generic,0x196,zstd
5,1334,ZSTD_compressBlock_doubleFast_extDict_generic,0x25e,zstd
6,1123,ZSTD_compressBlock_doubleFast_extDict_generic,0x1f2,zstd
7,736,ZSTD_compressBlock_doubleFast,0xb86,zstd
8,581,rep_movs_alternative,0x4a,[kernel.kallsyms]
9,504,ZSTD_compressBlock_doubleFast_extDict_generic,0x1f8,zstd
10,435,__memmove_avx_unaligned_erms,0x2a4,libc.so.6
11,424,ZSTD_compressBlock_doubleFast_extDict_generic,0x243,zstd
12,406,ZSTD_compressBlock_doubleFast,0xb3f,zstd
13,405,ZSTD_compressBlock_doubleFast_extDict_generic,0x538,zstd
14,401,ZSTD_compressBlock_doubleFast,0xbb1,zstd
15,361,ZSTD_compressBlock_doubleFast_extDict_generic,0x18a,zstd
16,354,ZSTD_compressBlock_doubleFast_extDict_generic,0x763,zstd
17,340,ZSTD_compressBlock_doubleFast,0xc1d,zstd
18,300,ZSTD_compressBlock_doubleFast_extDict_generic,0x3ed,zstd
19,267,ZSTD_count_2segments,0x23,zstd
20,261,ZSTD_compressBlock_doubleFast_extDict_generic,0x518,zstd
21,249,ZSTD_compressBlock_doubleFast_extDict_generic,0x199,zstd
22,247,ZSTD_compressBlock_doubleFast_extDict_generic,0x261,zstd
23,239,ZSTD_compressBlock_doubleFast_extDict_generic,0x591,zstd
24,228,ZSTD_count_2segments,0x13b,zstd
25,227,ZSTD_compressBlock_doubleFast_extDict_generic,0x217,zstd
26,223,ZSTD_compressBlock_doubleFast_extDict_generic,0x182,zstd
27,215,ZSTD_compressBlock_doubleFast_extDict_generic,0x5d4,zstd
28,211,ZSTD_compressBlock_doubleFast,0xb91,zstd
29,211,ZSTD_compressBlock_doubleFast_extDict_generic,0x3a0,zstd
30,199,ZSTD_compressBlock_doubleFast_extDict_generic,0x17f,zstd
31,196,ZSTD_compressBlock_doubleFast_extDict_generic,0x208,zstd
32,189,ZSTD_compressBlock_doubleFast_extDict_generic,0x3a3,zstd
33,182,ZSTD_count_2segments,0x43,zstd
34,179,ZSTD_compressBlock_doubleFast_extDict_generic,0x806,zstd
35,178,ZSTD_compressBlock_doubleFast_extDict_generic,0x1a6,zstd
36,178,ZSTD_compressBlock_doubleFast_extDict_generic,0x1d1,zstd
37,173,ZSTD_compressBlock_doubleFast_extDict_generic,0x120,zstd
38,161,ZSTD_compressBlock_doubleFast_extDict_generic,0x15b,zstd
39,160,ZSTD_compressBlock_doubleFast_extDict_generic,0x1c1,zstd
40,155,ZSTD_compressBlock_doubleFast_extDict_generic,0x1b3,zstd
41,145,ZSTD_compressBlock_doubleFast_extDict_generic,0x3aa,zstd
42,144,ZSTD_compressBlock_doubleFast,0xb83,zstd
43,143,ZSTD_compressBlock_doubleFast_extDict_generic,0x3e7,zstd
44,143,ZSTD_count_2segments,0x32,zstd
45,141,ZSTD_compressBlock_doubleFast_extDict_generic,0x13c,zstd
46,141,ZSTD_compressBlock_doubleFast_extDict_generic,0x3b4,zstd
47,139,ZSTD_compressBlock_doubleFast_extDict_generic,0x16c,zstd
48,137,ZSTD_compressBlock_doubleFast_extDict_generic,0x1e1,zstd
49,136,ZSTD_compressBlock_doubleFast_extDict_generic,0x130,zstd
50,133,ZSTD_compressBlock_doubleFast_extDict_generic,0x19c,zstd
51,133,ZSTD_encodeSequences,0x367,zstd
52,130,ZSTD_encodeSequences,0x3fd,zstd
53,128,ZSTD_compressBlock_doubleFast_extDict_generic,0x3f0,zstd
54,127,ZSTD_compressBlock_doubleFast_extDict_generic,0x16f,zstd
55,127,ZSTD_compressBlock_doubleFast_extDict_generic,0x3eb,zstd
56,127,ZSTD_seqToCodes,0x87,zstd
57,125,ZSTD_compressBlock_doubleFast_extDict_generic,0x1c6,zstd
58,121,ZSTD_encodeSequences,0x36d,zstd
59,120,ZSTD_compressBlock_doubleFast_extDict_generic,0xab8,zstd
60,118,ZSTD_compressBlock_doubleFast,0x1ccc,zstd
61,118,ZSTD_compressBlock_doubleFast_extDict_generic,0x3e2,zstd
62,118,ZSTD_encodeSequences,0x29d,zstd
63,117,ZSTD_compressBlock_doubleFast_extDict_generic,0x1d3,zstd
64,117,ZSTD_compressBlock_doubleFast_extDict_generic,0x938,zstd
65,117,ZSTD_count_2segments,0x1d0,zstd
66,116,ZSTD_compressBlock_doubleFast_extDict_generic,0x1e8,zstd
67,115,ZSTD_compressBlock_doubleFast_extDict_generic,0x337,zstd
68,115,ZSTD_encodeSequences,0x3aa,zstd
69,114,ZSTD_compressBlock_doubleFast_extDict_generic,0x7d7,zstd
70,113,ZSTD_count_2segments,0x12,zstd
71,109,ZSTD_encodeSequences,0x279,zstd
72,108,ZSTD_encodeSequences,0x2bf,zstd
73,107,ZSTD_encodeSequences,0x2f0,zstd
74,106,ZSTD_count_2segments,0x46,zstd
75,105,ZSTD_compressBlock_doubleFast_extDict_generic,0xab1,zstd
76,104,ZSTD_compressBlock_doubleFast_extDict_generic,0x15e,zstd
77,104,ZSTD_compressBlock_doubleFast_extDict_generic,0x1a9,zstd
78,102,ZSTD_count_2segments,0x11b,zstd
79,102,ZSTD_encodeSequences,0x406,zstd
80,101,ZSTD_compressBlock_doubleFast_extDict_generic,0x1b6,zstd
81,100,ZSTD_compressBlock_doubleFast,0xbae,zstd
82,100,ZSTD_compressBlock_doubleFast_extDict_generic,0x78d,zstd
83,99,ZSTD_encodeSequences,0x3bb,zstd
84,96,ZSTD_compressBlock_doubleFast_extDict_generic,0x515,zstd
85,95,ZSTD_compressBlock_doubleFast_extDict_generic,0x316,zstd
86,95,ZSTD_compressBlock_doubleFast_extDict_generic,0x52b,zstd
87,94,ZSTD_compressBlock_doubleFast_extDict_generic,0x127,zstd
88,94,ZSTD_compressBlock_doubleFast_extDict_generic,0x211,zstd
89,93,ZSTD_count_2segments,0x10c,zstd
90,90,ZSTD_recordFingerprint_43,0x69,zstd
91,89,ZSTD_compressBlock_doubleFast_extDict_generic,0x156,zstd
92,89,ZSTD_seqToCodes,0xa4,zstd
93,87,ZSTD_compressBlock_doubleFast_extDict_generic,0x124,zstd
94,84,ZSTD_compressBlock_doubleFast_extDict_generic,0x873,zstd
95,84,kernel_init_pages,0x3a,[kernel.kallsyms]
96,83,ZSTD_compressBlock_doubleFast_extDict_generic,0x1d6,zstd
97,82,ZSTD_count_2segments,0x3,zstd
98,82,ZSTD_count_2segments,0x26,zstd
99,78,ZSTD_compressBlock_doubleFast_extDict_generic,0x234,zstd
100,76,ZSTD_count_2segments,0x8,zstd
101,72,ZSTD_count_2segments,0x52,zstd
102,71,ZSTD_compressBlock_doubleFast_extDict_generic,0x26a,zstd
103,69,ZSTD_encodeSequences,0x2e0,zstd
104,67,ZSTD_compressBlock_doubleFast_extDict_generic,0x192,zstd
105,67,ZSTD_compressBlock_doubleFast_extDict_generic,0x2e7,zstd
106,67,ZSTD_compressBlock_doubleFast_extDict_generic,0x546,zstd
107,67,ZSTD_compressBlock_doubleFast_extDict_generic,0x5ac,zstd
108,67,ZSTD_seqToCodes,0x8b,zstd
109,66,ZSTD_compressBlock_doubleFast_extDict_generic,0x5c4,zstd
110,66,ZSTD_compressBlock_doubleFast_extDict_generic,0x7f3,zstd
111,65,ZSTD_compressBlock_doubleFast_extDict_generic,0x168,zstd
112,63,ZSTD_compressBlock_doubleFast_extDict_generic,0x1eb,zstd
113,63,ZSTD_compressBlock_doubleFast_extDict_generic,0xaa7,zstd
114,62,HIST_count_parallel_wksp,0xae,zstd
115,62,ZSTD_compressBlock_doubleFast_extDict_generic,0x59f,zstd
116,62,ZSTD_count_2segments,0x55,zstd
117,60,ZSTD_encodeSequences,0x357,zstd
118,59,HIST_count_parallel_wksp,0x13e,zstd
119,59,ZSTD_compressBlock_doubleFast_extDict_generic,0x1a0,zstd
120,59,ZSTD_compressBlock_doubleFast_extDict_generic,0x1ac,zstd
121,59,ZSTD_compressBlock_doubleFast_extDict_generic,0x5b7,zstd
122,59,ZSTD_count_2segments,0x1db,zstd
123,58,ZSTD_compressBlock_doubleFast,0x253b,zstd
124,57,HIST_count_parallel_wksp,0xbd,zstd
125,57,ZSTD_compressBlock_doubleFast_extDict_generic,0x35c,zstd
126,57,ZSTD_encodeSequences,0x2dd,zstd
127,57,ZSTD_seqToCodes,0xa9,zstd
128,56,ZSTD_compressBlock_doubleFast_extDict_generic,0x1ca,zstd
129,56,ZSTD_compressBlock_doubleFast_extDict_generic,0x58e,zstd
130,56,ZSTD_compressBlock_doubleFast_extDict_generic,0x788,zstd
131,56,ZSTD_encodeSequences,0x26a,zstd
132,56,ZSTD_encodeSequences,0x3cc,zstd
133,55,ZSTD_compressBlock_doubleFast,0xbbc,zstd
134,55,ZSTD_compressBlock_doubleFast_extDict_generic,0x5e6,zstd
135,54,ZSTD_XXH64_update,0x80,zstd
136,53,ZSTD_compressBlock_doubleFast_extDict_generic,0x34c,zstd
137,53,ZSTD_encodeSequences,0x2d2,zstd
138,52,ZSTD_compressBlock_doubleFast,0xb8b,zstd
139,52,ZSTD_compressBlock_doubleFast_extDict_generic,0x535,zstd
140,52,ZSTD_count_2segments,0x2c,zstd
141,52,ZSTD_count_2segments,0x138,zstd
142,52,ZSTD_encodeSequences,0x41f,zstd
143,51,ZSTD_encodeSequences,0x3d6,zstd
144,50,ZSTD_seqToCodes,0xbc,zstd
145,49,HIST_count_parallel_wksp,0xe8,zstd
146,49,HUF_compress1X_usingCTable_internal.isra.0,0xc2d,zstd
147,49,ZSTD_compressBlock_doubleFast_extDict_generic,0x33f,zstd
148,49,ZSTD_compressBlock_doubleFast_extDict_generic,0x3d8,zstd
149,49,ZSTD_compressBlock_doubleFast_extDict_generic,0x4f4,zstd
150,49,ZSTD_count_2segments,0x4c,zstd
151,49,ZSTD_encodeSequences,0x290,zstd
152,48,ZSTD_compressBlock_doubleFast,0xc12,zstd
153,48,ZSTD_compressBlock_doubleFast,0x13b0,zstd
154,48,ZSTD_compressBlock_doubleFast_extDict_generic,0x4f9,zstd
155,48,ZSTD_compressBlock_doubleFast_extDict_generic,0x50e,zstd
156,48,ZSTD_compressBlock_doubleFast_extDict_generic,0xac8,zstd
157,48,ZSTD_encodeSequences,0x2a3,zstd
158,48,ZSTD_encodeSequences,0x39b,zstd
159,48,ZSTD_encodeSequences,0x3d1,zstd
160,48,ZSTD_seqToCodes,0x95,zstd
161,47,HIST_count_parallel_wksp,0x146,zstd
162,47,ZSTD_XXH64_update,0xca,zstd
163,47,ZSTD_compressBlock_doubleFast_extDict_generic,0x359,zstd
164,47,ZSTD_compressBlock_doubleFast_extDict_generic,0x526,zstd
165,47,ZSTD_compressBlock_doubleFast_extDict_generic,0x5a9,zstd
166,47,ZSTD_encodeSequences,0x2c5,zstd
167,47,ZSTD_encodeSequences,0x414,zstd
168,47,ZSTD_seqToCodes,0x9a,zstd
169,46,HIST_count_parallel_wksp,0x14b,zstd
170,46,ZSTD_compressBlock_doubleFast_extDict_generic,0x1b9,zstd
171,46,ZSTD_compressBlock_doubleFast_extDict_generic,0x50b,zstd
172,46,ZSTD_compressBlock_doubleFast_extDict_generic,0x8e8,zstd
173,46,ZSTD_compressBlock_doubleFast_extDict_generic,0xab4,zstd
174,46,ZSTD_compressBlock_doubleFast_extDict_generic,0xb02,zstd
175,46,ZSTD_encodeSequences,0x349,zstd
176,46,ZSTD_encodeSequences,0x37b,zstd
177,46,ZSTD_encodeSequences,0x3c7,zstd
178,46,ZSTD_encodeSequences,0x417,zstd
179,46,filemap_get_read_batch,0xc4,[kernel.kallsyms]
180,45,ZSTD_compressBlock_doubleFast_extDict_generic,0x1d8,zstd
181,45,ZSTD_compressBlock_doubleFast_extDict_generic,0x24a,zstd
182,45,ZSTD_compressBlock_doubleFast_extDict_generic,0x511,zstd
183,45,ZSTD_count_2segments,0xb,zstd
184,45,ZSTD_encodeSequences,0x319,zstd
185,45,ZSTD_encodeSequences,0x340,zstd
186,45,ZSTD_encodeSequences,0x34d,zstd
187,45,ZSTD_encodeSequences,0x3f7,zstd
188,45,ZSTD_seqToCodes,0x98,zstd
189,44,HIST_count_parallel_wksp,0xd1,zstd
190,44,HIST_count_parallel_wksp,0xfc,zstd
191,44,ZSTD_compressBlock_doubleFast_extDict_generic,0x1af,zstd
192,44,ZSTD_count_2segments,0x16,zstd
193,44,ZSTD_encodeSequences,0x2a8,zstd
194,44,ZSTD_encodeSequences,0x2ac,zstd
195,44,ZSTD_encodeSequences,0x2e7,zstd
196,44,ZSTD_encodeSequences,0x303,zstd
197,44,ZSTD_encodeSequences,0x3c2,zstd
198,44,ZSTD_seqToCodes,0xc0,zstd
199,43,ZSTD_compressBlock_doubleFast_extDict_generic,0x299,zstd
200,43,ZSTD_encodeSequences,0x274,zstd
201,43,ZSTD_encodeSequences,0x2c2,zstd
202,43,ZSTD_encodeSequences,0x308,zstd
203,43,ZSTD_encodeSequences,0x3e3,zstd
204,42,HIST_count_parallel_wksp,0xd9,zstd
205,42,ZSTD_compressBlock_doubleFast_extDict_generic,0x5bb,zstd
206,42,ZSTD_encodeSequences,0x350,zstd
207,42,ZSTD_encodeSequences,0x3b0,zstd
208,41,ZSTD_compressBlock_doubleFast_extDict_generic,0x1cc,zstd
209,41,ZSTD_compressBlock_doubleFast_extDict_generic,0x23b,zstd
210,41,ZSTD_compressBlock_doubleFast_extDict_generic,0x5c2,zstd
211,41,ZSTD_compressBlock_doubleFast_extDict_generic,0x640,zstd
212,41,ZSTD_compressBlock_doubleFast_extDict_generic,0x818,zstd
213,41,ZSTD_count_2segments,0x58,zstd
214,41,ZSTD_encodeSequences,0x2b8,zstd
215,41,ZSTD_encodeSequences,0x30f,zstd
216,41,ZSTD_encodeSequences,0x32b,zstd
217,41,ZSTD_encodeSequences,0x337,zstd
218,41,ZSTD_encodeSequences,0x385,zstd
219,41,ZSTD_encodeSequences,0x391,zstd
220,41,ZSTD_encodeSequences,0x3b3,zstd
221,41,ZSTD_encodeSequences,0x3f1,zstd
222,41,ZSTD_encodeSequences,0x400,zstd
223,40,HIST_count_parallel_wksp,0x127,zstd
224,40,ZSTD_compressBlock_doubleFast_extDict_generic,0x20f,zstd
225,40,ZSTD_compressBlock_doubleFast_extDict_generic,0x495,zstd
226,39,ZSTD_compressBlock_doubleFast,0x13d4,zstd
227,39,ZSTD_compressBlock_doubleFast_extDict_generic,0xaac,zstd
228,39,ZSTD_encodeSequences,0x33b,zstd
229,39,ZSTD_encodeSequences,0x373,zstd
230,39,ZSTD_encodeSequences,0x389,zstd
231,39,ZSTD_encodeSequences,0x3be,zstd
232,39,ZSTD_encodeSequences,0x40c,zstd
233,38,HUF_compress1X_usingCTable_internal.isra.0,0xbcc,zstd
234,38,ZSTD_XXH64_update,0x92,zstd
235,38,ZSTD_encodeSequences,0x282,zstd
236,38,ZSTD_encodeSequences,0x2bc,zstd
237,38,ZSTD_encodeSequences,0x326,zstd
238,38,ZSTD_encodeSequences,0x35f,zstd
239,38,ZSTD_encodeSequences,0x38c,zstd
240,38,ZSTD_encodeSequences,0x3b6,zstd
241,37,HIST_count_parallel_wksp,0xf3,zstd
242,37,HIST_count_parallel_wksp,0x113,zstd
243,37,ZSTD_compressBlock_doubleFast_extDict_generic,0x1fc,zstd
244,37,ZSTD_encodeSequences,0x294,zstd
245,37,ZSTD_encodeSequences,0x2d5,zstd
246,37,ZSTD_encodeSequences,0x2ea,zstd
247,37,ZSTD_encodeSequences,0x3a1,zstd
248,37,ZSTD_encodeSequences,0x403,zstd
249,37,ZSTD_encodeSequences,0x40f,zstd
250,37,ZSTD_encodeSequences,0x428,zstd
251,37,its_return_thunk,0x0,[kernel.kallsyms]
252,36,FSE_buildCTable_wksp,0x35a,zstd
253,36,HIST_count_parallel_wksp,0xc8,zstd
254,36,HIST_count_parallel_wksp,0x11e,zstd
255,36,ZSTD_XXH64_update,0xaf,zstd
256,36,ZSTD_compressBlock_doubleFast,0xb76,zstd
257,36,ZSTD_compressBlock_doubleFast,0x2528,zstd
258,36,ZSTD_compressBlock_doubleFast_extDict_generic,0x1bd,zstd
259,36,ZSTD_compressBlock_doubleFast_extDict_generic,0x3a6,zstd
260,36,ZSTD_compressBlock_doubleFast_extDict_generic,0x7a0,zstd
261,36,ZSTD_encodeSequences,0x35b,zstd
262,36,ZSTD_encodeSequences,0x370,zstd
263,36,ZSTD_encodeSequences,0x3a6,zstd
264,36,ZSTD_encodeSequences,0x409,zstd
265,36,_raw_spin_lock,0x13,[kernel.kallsyms]
266,35,ZSTD_compressBlock_doubleFast_extDict_generic,0x1a3,zstd
267,35,ZSTD_encodeSequences,0x2d7,zstd
268,35,ZSTD_encodeSequences,0x2f3,zstd
269,35,ZSTD_seqToCodes,0xb7,zstd
270,34,ZSTD_compressBlock_doubleFast_extDict_generic,0xaa3,zstd
271,34,ZSTD_encodeSequences,0x260,zstd
272,34,ZSTD_encodeSequences,0x3db,zstd
273,34,ZSTD_encodeSequences,0x3e9,zstd
274,34,ZSTD_encodeSequences,0x3f3,zstd
275,34,ZSTD_encodeSequences,0x3fa,zstd
276,33,HIST_count_parallel_wksp,0x12b,zstd
277,33,ZSTD_XXH64_update,0xd9,zstd
278,33,ZSTD_compressBlock_doubleFast_extDict_generic,0x172,zstd
279,33,ZSTD_compressBlock_doubleFast_extDict_generic,0x24f,zstd
280,33,ZSTD_compressBlock_doubleFast_extDict_generic,0x2ff,zstd
281,33,ZSTD_compressBlock_doubleFast_extDict_generic,0x5b4,zstd
282,33,ZSTD_count_2segments,0x1a,zstd
283,33,ZSTD_encodeSequences,0x314,zstd
284,33,__rmqueue_pcplist,0x5d,[kernel.kallsyms]
285,32,ZSTD_XXH64_update,0x87,zstd
286,32,ZSTD_XXH64_update,0xa1,zstd
287,32,ZSTD_XXH64_update,0xe4,zstd
288,32,ZSTD_compressBlock_doubleFast_extDict_generic,0x776,zstd
289,32,ZSTD_compressBlock_doubleFast_extDict_generic,0x7ae,zstd
290,32,ZSTD_compressBlock_doubleFast_extDict_generic,0xabb,zstd
291,32,ZSTD_encodeSequences,0x287,zstd
292,32,ZSTD_encodeSequences,0x2d0,zstd
293,32,ZSTD_encodeSequences,0x2ee,zstd
294,32,ZSTD_encodeSequences,0x380,zstd
295,32,ZSTD_encodeSequences,0x3ad,zstd
296,32,ZSTD_seqToCodes,0x90,zstd
297,32,ZSTD_seqToCodes,0xad,zstd
298,32,ZSTD_seqToCodes,0xb2,zstd
299,32,filemap_get_read_batch,0xd6,[kernel.kallsyms]
300,31,HIST_count_parallel_wksp,0x12f,zstd
301,31,ZSTD_compressBlock_doubleFast,0xb63,zstd
302,31,ZSTD_compressBlock_doubleFast,0xc2b,zstd
303,31,ZSTD_compressBlock_doubleFast_extDict_generic,0x310,zstd
304,31,ZSTD_compressBlock_doubleFast_extDict_generic,0x64a,zstd
305,31,ZSTD_encodeSequences,0x297,zstd
306,31,ZSTD_encodeSequences,0x29a,zstd
307,31,ZSTD_encodeSequences,0x2a0,zstd
308,31,ZSTD_encodeSequences,0x2c8,zstd
309,31,ZSTD_encodeSequences,0x2cd,zstd
310,31,ZSTD_encodeSequences,0x2e4,zstd
311,31,ZSTD_encodeSequences,0x323,zstd
312,31,ZSTD_encodeSequences,0x376,zstd
313,30,HIST_count_parallel_wksp,0x104,zstd
314,30,ZSTD_compressBlock_doubleFast_extDict_generic,0x970,zstd
315,30,ZSTD_encodeSequences,0x28d,zstd
316,30,ZSTD_encodeSequences,0x3ed,zstd
317,30,native_irq_return_iret,0x0,[kernel.kallsyms]
318,29,ZSTD_compressBlock_doubleFast,0x12b1,zstd
319,29,ZSTD_compressBlock_doubleFast_extDict_generic,0x59c,zstd
320,29,ZSTD_compressBlock_doubleFast_extDict_generic,0x7e1,zstd
321,29,ZSTD_compressBlock_doubleFast_extDict_generic,0xaf8,zstd
322,29,ZSTD_count_2segments,0x3a,zstd
323,29,ZSTD_encodeSequences,0x27c,zstd
324,29,ZSTD_encodeSequences,0x27f,zstd
325,29,ZSTD_encodeSequences,0x345,zstd
326,29,ZSTD_encodeSequences,0x364,zstd
327,29,ZSTD_encodeSequences,0x36a,zstd
328,29,ZSTD_encodeSequences,0x398,zstd
329,28,ZSTD_XXH64_update,0x96,zstd
330,28,ZSTD_XXH64_update,0xb3,zstd
331,28,ZSTD_compressBlock_doubleFast,0xb7f,zstd
332,28,ZSTD_compressBlock_doubleFast_extDict_generic,0x18d,zstd
333,28,ZSTD_compressBlock_doubleFast_extDict_generic,0x28f,zstd
334,28,ZSTD_compressBlock_doubleFast_extDict_generic,0x2f6,zstd
335,28,ZSTD_compressBlock_doubleFast_extDict_generic,0x55b,zstd
336,28,ZSTD_compressBlock_doubleFast_extDict_generic,0x5e9,zstd
337,28,ZSTD_encodeSequences,0x3e6,zstd
338,28,ZSTD_encodeSequences,0x41a,zstd
339,28,ZSTD_seqToCodes,0x9f,zstd
340,28,ZSTD_splitBlock,0x130,zstd
341,27,ZSTD_XXH64_update,0x83,zstd
342,27,ZSTD_XXH64_update,0xc2,zstd
343,27,ZSTD_compressBlock_doubleFast,0xbf9,zstd
344,27,ZSTD_compressBlock_doubleFast_extDict_generic,0x5cf,zstd
345,27,ZSTD_compressBlock_doubleFast_extDict_generic,0x5d6,zstd
346,27,ZSTD_compressBlock_doubleFast_extDict_generic,0x5e3,zstd
347,27,ZSTD_compressBlock_doubleFast_extDict_generic,0x9a0,zstd
348,27,ZSTD_encodeSequences,0x270,zstd
349,27,ZSTD_encodeSequences,0x2b6,zstd
350,27,ZSTD_encodeSequences,0x330,zstd
351,27,ZSTD_seqToCodes,0xc7,zstd
352,26,HIST_count_simple,0x47,zstd
353,26,ZSTD_compressBlock_doubleFast,0xb9b,zstd
354,26,ZSTD_compressBlock_doubleFast_extDict_generic,0x205,zstd
355,26,ZSTD_compressBlock_doubleFast_extDict_generic,0x21b,zstd
356,26,ZSTD_compressBlock_doubleFast_extDict_generic,0x33c,zstd
357,26,ZSTD_compressBlock_doubleFast_extDict_generic,0x52e,zstd
358,26,ZSTD_compressBlock_doubleFast_extDict_generic,0x7c9,zstd
359,26,ZSTD_count_2segments,0x63,zstd
360,26,ZSTD_encodeSequences,0x2da,zstd
361,26,ZSTD_encodeSequences,0x31e,zstd
362,26,ZSTD_encodeSequences,0x361,zstd
363,26,ZSTD_encodeSequences,0x39f,zstd
364,26,ZSTD_splitBlock,0x190,zstd
365,25,FSE_buildCTable_wksp,0x190,zstd
366,25,ZSTD_XXH64_update,0xbf,zstd
367,25,ZSTD_compressBlock_doubleFast,0xba7,zstd
368,25,ZSTD_compressBlock_doubleFast,0x1c96,zstd
369,25,ZSTD_compressBlock_doubleFast_extDict_generic,0x22a,zstd
370,25,ZSTD_compressBlock_doubleFast_extDict_generic,0x4fe,zstd
371,25,ZSTD_compressBlock_doubleFast_extDict_generic,0x531,zstd
372,25,ZSTD_compressBlock_doubleFast_extDict_generic,0x543,zstd
373,25,ZSTD_compressBlock_doubleFast_extDict_generic,0x584,zstd
374,25,ZSTD_compressBlock_doubleFast_extDict_generic,0x792,zstd
375,25,ZSTD_encodeSequences,0x394,zstd
376,24,FSE_buildCTable_wksp,0x348,zstd
377,24,HUF_compress1X_usingCTable_internal.isra.0,0x3ec,zstd
378,24,HUF_compress1X_usingCTable_internal.isra.0,0x5eb,zstd
379,24,ZSTD_XXH64_update,0xa5,zstd
380,24,ZSTD_compressBlock_doubleFast,0xbb6,zstd
381,24,ZSTD_compressBlock_doubleFast,0x139f,zstd
382,24,ZSTD_compressBlock_doubleFast_extDict_generic,0x186,zstd
383,24,ZSTD_compressBlock_doubleFast_extDict_generic,0x28b,zstd
384,24,ZSTD_compressBlock_doubleFast_extDict_generic,0x2aa,zstd
385,24,ZSTD_encodeSequences,0x2fe,zstd
386,23,ZSTD_XXH64_update,0x8e,zstd
387,23,ZSTD_XXH64_update,0xe0,zstd
388,23,ZSTD_compressBlock_doubleFast,0xbf3,zstd
389,23,ZSTD_compressBlock_doubleFast,0xc08,zstd
390,23,ZSTD_compressBlock_doubleFast_extDict_generic,0x238,zstd
391,23,ZSTD_compressBlock_doubleFast_extDict_generic,0x258,zstd
392,23,ZSTD_compressBlock_doubleFast_extDict_generic,0x2b6,zstd
393,23,ZSTD_compressBlock_doubleFast_extDict_generic,0xb0b,zstd
394,23,ZSTD_encodeSequences,0x353,zstd
395,23,ZSTD_encodeSequences,0x3df,zstd
396,23,ZSTD_splitBlock,0x184,zstd
397,22,HIST_count_parallel_wksp,0x60,zstd
398,22,HIST_count_parallel_wksp,0x11a,zstd
399,22,HUF_compress1X_usingCTable_internal.isra.0,0xc25,zstd
400,22,ZSTD_compressBlock_doubleFast_extDict_generic,0x307,zstd
401,22,ZSTD_compressBlock_doubleFast_extDict_generic,0x32b,zstd
402,22,ZSTD_compressBlock_doubleFast_extDict_generic,0x438,zstd
403,22,ZSTD_compressBlock_doubleFast_extDict_generic,0x784,zstd
404,22,ZSTD_compressBlock_doubleFast_extDict_generic,0x8a6,zstd
405,22,ZSTD_recordFingerprint_43,0x60,zstd
406,22,rmqueue_bulk,0x12d,[kernel.kallsyms]
407,21,HIST_count_parallel_wksp,0xa7,zstd
408,21,HUF_compress1X_usingCTable_internal.isra.0,0x64c,zstd
409,21,ZSTD_compressBlock_doubleFast,0xb4f,zstd
410,21,ZSTD_compressBlock_doubleFast,0x19ce,zstd
411,21,ZSTD_compressBlock_doubleFast,0x256c,zstd
412,21,ZSTD_compressBlock_doubleFast_extDict_generic,0x303,zstd
413,21,ZSTD_compressBlock_doubleFast_extDict_generic,0x365,zstd
414,21,ZSTD_compressBlock_doubleFast_extDict_generic,0x760,zstd
415,21,ZSTD_compressBlock_doubleFast_extDict_generic,0x942,zstd
416,21,ZSTD_encodeSequences,0x265,zstd
417,21,ZSTD_encodeSequences,0x277,zstd
418,20,ZSTD_XXH64_update,0x9d,zstd
419,20,ZSTD_compressBlock_doubleFast,0xc0f,zstd
420,20,ZSTD_compressBlock_doubleFast,0xc15,zstd
421,20,ZSTD_compressBlock_doubleFast_extDict_generic,0x151,zstd
422,20,ZSTD_compressBlock_doubleFast_extDict_generic,0x24c,zstd
423,20,ZSTD_compressBlock_doubleFast_extDict_generic,0x2f3,zstd
424,20,ZSTD_compressBlock_doubleFast_extDict_generic,0x32f,zstd
425,20,ZSTD_compressBlock_doubleFast_extDict_generic,0x5bf,zstd
426,20,ZSTD_compressBlock_doubleFast_extDict_generic,0x769,zstd
427,20,ZSTD_count_2segments,0x140,zstd
428,20,ZSTD_splitBlock,0x19b,zstd
429,19,HUF_compress1X_usingCTable_internal.isra.0,0xbcf,zstd
430,19,ZSTD_XXH64_update,0xd1,zstd
431,19,ZSTD_compressBlock_doubleFast,0xb95,zstd
432,19,ZSTD_compressBlock_doubleFast,0xbc4,zstd
433,19,ZSTD_compressBlock_doubleFast_extDict_generic,0x319,zstd
434,19,ZSTD_compressBlock_doubleFast_extDict_generic,0x53b,zstd
435,19,ZSTD_compressBlock_doubleFast_extDict_generic,0x594,zstd
436,19,ZSTD_compressBlock_doubleFast_extDict_generic,0x5ae,zstd
437,19,ZSTD_compressBlock_doubleFast_extDict_generic,0x5cb,zstd
438,19,ZSTD_compressBlock_doubleFast_extDict_generic,0x7aa,zstd
439,19,ZSTD_compressBlock_doubleFast_extDict_generic,0x7ee,zstd
440,18,HUF_buildCTable_wksp,0x36c,zstd
441,18,ZSTD_compressBlock_doubleFast,0xb33,zstd
442,18,ZSTD_compressBlock_doubleFast,0xbe8,zstd
443,18,ZSTD_compressBlock_doubleFast,0x13ed,zstd
444,18,ZSTD_compressBlock_doubleFast_extDict_generic,0x25b,zstd
445,18,ZSTD_compressBlock_doubleFast_extDict_generic,0x31d,zstd
446,18,ZSTD_compressBlock_doubleFast_extDict_generic,0x508,zstd
447,18,ZSTD_compressBlock_doubleFast_extDict_generic,0x589,zstd
448,18,ZSTD_compressBlock_doubleFast_extDict_generic,0x5a4,zstd
449,18,ZSTD_compressBlock_doubleFast_extDict_generic,0x5a7,zstd
450,18,ZSTD_compressBlock_doubleFast_extDict_generic,0x5c9,zstd
451,18,ZSTD_splitBlock,0x120,zstd
452,18,ZSTD_splitBlock,0x141,zstd
453,17,HIST_count_parallel_wksp,0xef,zstd
454,17,HIST_count_parallel_wksp,0x109,zstd
455,17,HUF_compress1X_usingCTable_internal.isra.0,0xc5d,zstd
456,17,ZSTD_compressBlock_doubleFast,0x13ac,zstd
457,17,ZSTD_compressBlock_doubleFast,0x1ccf,zstd
458,17,ZSTD_compressBlock_doubleFast,0x1cd5,zstd
459,17,ZSTD_compressBlock_doubleFast,0x2530,zstd
460,17,ZSTD_compressBlock_doubleFast_extDict_generic,0x163,zstd
461,17,ZSTD_compressBlock_doubleFast_extDict_generic,0x2a7,zstd
462,17,ZSTD_compressBlock_doubleFast_extDict_generic,0x5de,zstd
463,17,ZSTD_count_2segments,0x115,zstd
464,17,read_tsc,0x0,[kernel.kallsyms]
465,16,HIST_count_parallel_wksp,0x134,zstd
466,16,HUF_compress1X_usingCTable_internal.isra.0,0x44c,zstd
467,16,HUF_compress1X_usingCTable_internal.isra.0,0xc52,zstd
468,16,HUF_compress1X_usingCTable_internal.isra.0,0xc7b,zstd
469,16,ZSTD_XXH64_update,0xbb,zstd
470,16,ZSTD_compressBlock_doubleFast,0xbab,zstd
471,16,ZSTD_compressBlock_doubleFast,0x257c,zstd
472,16,ZSTD_compressBlock_doubleFast_extDict_generic,0x354,zstd
473,16,ZSTD_compressBlock_doubleFast_extDict_generic,0x7b8,zstd
474,16,ZSTD_compressBlock_doubleFast_extDict_generic,0x9a3,zstd
475,16,ZSTD_compressBlock_doubleFast_extDict_generic,0xb07,zstd
476,15,HUF_buildCTable_wksp,0x747,zstd
477,15,HUF_compress1X_usingCTable_internal.isra.0,0xbe3,zstd
478,15,HUF_compress1X_usingCTable_internal.isra.0,0xc29,zstd
479,15,ZSTD_compressBlock_doubleFast,0x2445,zstd
480,15,ZSTD_compressBlock_doubleFast_extDict_generic,0x54f,zstd
481,15,ZSTD_compressBlock_doubleFast_extDict_generic,0x7de,zstd
482,15,ZSTD_compressBlock_doubleFast_extDict_generic,0x9dc,zstd
483,15,ZSTD_count_2segments,0xc,zstd
484,15,ZSTD_count_2segments,0x70,zstd
485,14,FSE_buildCTable_wksp,0x34e,zstd
486,14,HIST_count_parallel_wksp,0x10c,zstd
487,14,HIST_count_parallel_wksp,0x24c,zstd
488,14,HUF_compress1X_usingCTable_internal.isra.0,0x640,zstd
489,14,HUF_compress1X_usingCTable_internal.isra.0,0x644,zstd
490,14,HUF_compress1X_usingCTable_internal.isra.0,0xbd2,zstd
491,14,ZSTD_compressBlock_doubleFast,0xc03,zstd
492,14,ZSTD_compressBlock_doubleFast,0x137a,zstd
493,14,ZSTD_compressBlock_doubleFast,0x2680,zstd
494,14,ZSTD_compressBlock_doubleFast_extDict_generic,0x282,zstd
495,14,ZSTD_compressBlock_doubleFast_extDict_generic,0x482,zstd
496,14,ZSTD_compressBlock_doubleFast_extDict_generic,0x5b1,zstd
497,14,ZSTD_compressBlock_doubleFast_extDict_generic,0x800,zstd
498,14,ZSTD_compressBlock_doubleFast_extDict_generic,0x906,zstd
499,14,ZSTD_compressBlock_doubleFast_extDict_generic,0x910,zstd
500,14,ZSTD_compressBlock_doubleFast_extDict_generic,0xa56,zstd
501,14,ZSTD_splitBlock,0x139,zstd
502,14,__memset_avx2_unaligned_erms,0xd3,libc.so.6
503,14,timerqueue_add,0x3b,[kernel.kallsyms]
504,13,FSE_buildCTable_wksp,0x34b,zstd
505,13,HUF_compress1X_usingCTable_internal.isra.0,0x5e0,zstd
506,13,HUF_compress1X_usingCTable_internal.isra.0,0x5e7,zstd
507,13,HUF_compress1X_usingCTable_internal.isra.0,0x5ee,zstd
508,13,HUF_compress1X_usingCTable_internal.isra.0,0x5f1,zstd
509,13,HUF_compress1X_usingCTable_internal.isra.0,0x648,zstd
510,13,HUF_compress1X_usingCTable_internal.isra.0,0xbc4,zstd
511,13,ZSTD_compressBlock_doubleFast,0xb1c,zstd
512,13,ZSTD_compressBlock_doubleFast,0xc26,zstd
513,13,ZSTD_compressBlock_doubleFast,0xc31,zstd
514,13,ZSTD_compressBlock_doubleFast,0x1e5e,zstd
515,13,ZSTD_compressBlock_doubleFast_extDict_generic,0x2c8,zstd
516,13,ZSTD_compressBlock_doubleFast_extDict_generic,0x51c,zstd
517,13,ZSTD_compressBlock_doubleFast_extDict_generic,0x53f,zstd
518,13,ZSTD_compressBlock_doubleFast_extDict_generic,0x598,zstd
519,13,ZSTD_count_2segments,0x49,zstd
520,13,ZSTD_splitBlock,0x122,zstd
521,12,HIST_count_parallel_wksp,0xaa,zstd
522,12,HIST_count_parallel_wksp,0xb3,zstd
523,12,HIST_count_parallel_wksp,0xcd,zstd
524,12,HIST_count_parallel_wksp,0x10f,zstd
525,12,HIST_count_parallel_wksp,0x152,zstd
526,12,HUF_compress1X_usingCTable_internal.isra.0,0x3e4,zstd
527,12,HUF_compress1X_usingCTable_internal.isra.0,0xbc0,zstd
528,12,ZSTD_compressBlock_doubleFast,0xb79,zstd
529,12,ZSTD_compressBlock_doubleFast,0x1caa,zstd
530,12,ZSTD_compressBlock_doubleFast,0x1e4d,zstd
531,12,ZSTD_compressBlock_doubleFast,0x2513,zstd
532,12,ZSTD_compressBlock_doubleFast,0x2559,zstd
533,12,ZSTD_count_2segments,0x0,zstd
534,12,ZSTD_count_2segments,0x118,zstd
535,12,ZSTD_recordFingerprint_43,0x35,zstd
536,12,__raw_spin_lock_irqsave,0x27,[kernel.kallsyms]
537,11,FSE_buildCTable_wksp,0x163,zstd
538,11,HIST_count_parallel_wksp,0xf8,zstd
539,11,HIST_count_parallel_wksp,0x100,zstd
540,11,HUF_compress1X_usingCTable_internal.isra.0,0x3e8,zstd
541,11,HUF_compress1X_usingCTable_internal.isra.0,0xbd8,zstd
542,11,HUF_compress1X_usingCTable_internal.isra.0,0xc30,zstd
543,11,HUF_compress1X_usingCTable_internal.isra.0,0xc39,zstd
544,11,ZSTD_compressBlock_doubleFast,0xad2,zstd
545,11,ZSTD_compressBlock_doubleFast,0xb72,zstd
546,11,ZSTD_compressBlock_doubleFast,0xd01,zstd
547,11,ZSTD_compressBlock_doubleFast,0x1caf,zstd
548,11,ZSTD_compressBlock_doubleFast,0x1e51,zstd
549,11,ZSTD_compressBlock_doubleFast,0x2434,zstd
550,11,ZSTD_compressBlock_doubleFast,0x2454,zstd
551,11,ZSTD_compressBlock_doubleFast,0x24ea,zstd
552,11,ZSTD_compressBlock_doubleFast_extDict_generic,0x27d,zstd
553,11,ZSTD_compressBlock_doubleFast_extDict_generic,0x333,zstd
554,11,ZSTD_compressBlock_doubleFast_extDict_generic,0x4a3,zstd
555,11,ZSTD_compressBlock_doubleFast_extDict_generic,0x7a3,zstd
556,11,ZSTD_compressLiterals,0x8b,zstd
557,11,ZSTD_count_2segments,0x29,zstd
558,11,ZSTD_count_2segments,0x60,zstd
559,11,ZSTD_splitBlock,0x136,zstd
560,11,_copy_to_iter,0x88,[kernel.kallsyms]
561,10,HIST_count_parallel_wksp,0xb9,zstd
562,10,HIST_count_parallel_wksp,0xc4,zstd
563,10,HIST_count_parallel_wksp,0xe1,zstd
564,10,HIST_count_parallel_wksp,0xe4,zstd
565,10,HIST_count_parallel_wksp,0xec,zstd
566,10,HIST_count_parallel_wksp,0x123,zstd
567,10,HUF_compress1X_usingCTable_internal.isra.0,0x64f,zstd
568,10,HUF_compress1X_usingCTable_internal.isra.0,0xbc8,zstd
569,10,HUF_compress1X_usingCTable_internal.isra.0,0xc20,zstd
570,10,HUF_compress1X_usingCTable_internal.isra.0,0xc33,zstd
571,10,ZSTD_XXH64_update,0xac,zstd
572,10,ZSTD_compressBlock_doubleFast,0xb7c,zstd
573,10,ZSTD_compressBlock_doubleFast,0x24fc,zstd
574,10,ZSTD_compressBlock_doubleFast,0x2520,zstd
575,10,ZSTD_compressBlock_doubleFast,0x2577,zstd
576,10,ZSTD_compressBlock_doubleFast_extDict_generic,0x350,zstd
577,10,ZSTD_compressBlock_doubleFast_extDict_generic,0x45a,zstd
578,10,ZSTD_compressBlock_doubleFast_extDict_generic,0x466,zstd
579,10,ZSTD_compressBlock_doubleFast_extDict_generic,0x797,zstd
580,10,ZSTD_compressBlock_doubleFast_extDict_generic,0x7b0,zstd
581,10,ZSTD_compressBlock_doubleFast_extDict_generic,0x7ce,zstd
582,10,ZSTD_compressBlock_doubleFast_extDict_generic,0x870,zstd
583,10,ZSTD_compressBlock_doubleFast_extDict_generic,0x898,zstd
584,10,ZSTD_splitBlock,0x133,zstd
585,10,native_apic_msr_eoi,0x9,[kernel.kallsyms]
586,10,sync_regs,0x1e,[kernel.kallsyms]
587,9,HIST_count_parallel_wksp,0xa4,zstd
588,9,HUF_buildCTable_wksp,0x1b5,zstd
589,9,HUF_buildCTable_wksp,0x3a1,zstd
590,9,HUF_compress1X_usingCTable_internal.isra.0,0x3e0,zstd
591,9,HUF_compress1X_usingCTable_internal.isra.0,0x3f2,zstd
592,9,HUF_compress1X_usingCTable_internal.isra.0,0x452,zstd
593,9,HUF_compress1X_usingCTable_internal.isra.0,0xbec,zstd
594,9,HUF_simpleQuickSort,0xad,zstd
595,9,ZSTD_XXH64_update,0xce,zstd
596,9,ZSTD_XXH64_update,0xee,zstd
597,9,ZSTD_compressBlock_doubleFast,0xb01,zstd
598,9,ZSTD_compressBlock_doubleFast,0xb3b,zstd
599,9,ZSTD_compressBlock_doubleFast,0x12ba,zstd
600,9,ZSTD_compressBlock_doubleFast,0x138a,zstd
601,9,ZSTD_compressBlock_doubleFast,0x13be,zstd
602,9,ZSTD_compressBlock_doubleFast,0x2d80,zstd
603,9,ZSTD_compressBlock_doubleFast_extDict_generic,0x1e6,zstd
604,9,ZSTD_compressBlock_doubleFast_extDict_generic,0x2b4,zstd
605,9,ZSTD_compressBlock_doubleFast_extDict_generic,0x449,zstd
606,9,ZSTD_compressBlock_doubleFast_extDict_generic,0x4b9,zstd
607,9,ZSTD_compressBlock_doubleFast_extDict_generic,0x4e6,zstd
608,9,ZSTD_compressBlock_doubleFast_extDict_generic,0x4f0,zstd
609,9,ZSTD_compressBlock_doubleFast_extDict_generic,0xa6f,zstd
610,9,ZSTD_count_2segments,0x66,zstd
611,9,ZSTD_count_2segments,0x143,zstd
612,9,ZSTD_splitBlock,0x13d,zstd
613,9,ZSTD_splitBlock,0x147,zstd
614,9,__folio_batch_add_and_move,0x1c,[kernel.kallsyms]
615,8,FSE_buildCTable_wksp,0x180,zstd
616,8,HIST_count_parallel_wksp,0xc1,zstd
617,8,HIST_count_parallel_wksp,0x117,zstd
618,8,HIST_count_parallel_wksp,0x13a,zstd
619,8,HUF_buildCTable_wksp,0x3be,zstd
620,8,HUF_compress1X_usingCTable_internal.isra.0,0xbe6,zstd
621,8,HUF_compress1X_usingCTable_internal.isra.0,0xc36,zstd
622,8,HUF_compress1X_usingCTable_internal.isra.0,0xc81,zstd
623,8,HUF_compress1X_usingCTable_internal.isra.0,0xc86,zstd
624,8,ZSTD_XXH64_update,0xe8,zstd
625,8,ZSTD_compressBlock_doubleFast,0xadf,zstd
626,8,ZSTD_compressBlock_doubleFast,0xb60,zstd
627,8,ZSTD_compressBlock_doubleFast,0x139a,zstd
628,8,ZSTD_compressBlock_doubleFast,0x13fd,zstd
629,8,ZSTD_compressBlock_doubleFast,0x1cf8,zstd
630,8,ZSTD_compressBlock_doubleFast,0x2448,zstd
631,8,ZSTD_compressBlock_doubleFast,0x2552,zstd
632,8,ZSTD_compressBlock_doubleFast,0x2bfe,zstd
633,8,ZSTD_compressBlock_doubleFast_extDict_generic,0x294,zstd
634,8,ZSTD_compressBlock_doubleFast_extDict_generic,0x886,zstd
635,8,ZSTD_compressBlock_doubleFast_extDict_generic,0x8a1,zstd
636,8,ZSTD_compressBlock_doubleFast_extDict_generic,0x8bc,zstd
637,8,ZSTD_compressBlock_doubleFast_extDict_generic,0x9be,zstd
638,8,ZSTD_compressBlock_doubleFast_extDict_generic,0x9d8,zstd
639,8,ZSTD_splitBlock,0x12c,zstd
640,8,__free_one_page,0x701,[kernel.kallsyms]
641,8,filemap_read,0x2fa,[kernel.kallsyms]
642,8,native_read_msr,0x2,[kernel.kallsyms]
643,8,sync_regs,0x0,[kernel.kallsyms]
644,8,tick_do_update_jiffies64,0x5,[kernel.kallsyms]
645,8,update_curr,0x14,[kernel.kallsyms]
646,7,FSE_buildCTable_wksp,0x160,zstd
647,7,FSE_buildCTable_wksp,0x340,zstd
648,7,FSE_buildCTable_wksp,0x356,zstd
649,7,HIST_count_parallel_wksp,0xa0,zstd
650,7,HIST_count_parallel_wksp,0xde,zstd
651,7,HUF_buildCTable_wksp,0x365,zstd
652,7,HUF_compress1X_usingCTable_internal.isra.0,0x448,zstd
653,7,HUF_compress1X_usingCTable_internal.isra.0,0x5f7,zstd
654,7,HUF_compress1X_usingCTable_internal.isra.0,0x658,zstd
655,7,HUF_compress1X_usingCTable_internal.isra.0,0xbb5,zstd
656,7,HUF_compress1X_usingCTable_internal.isra.0,0xc12,zstd
657,7,HUF_compress1X_usingCTable_internal.isra.0,0xc43,zstd
658,7,HUF_compress1X_usingCTable_internal.isra.0,0xc64,zstd
659,7,HUF_simpleQuickSort,0x84,zstd
660,7,ZSTD_compressBlock_doubleFast,0xba1,zstd
661,7,ZSTD_compressBlock_doubleFast,0xc19,zstd
662,7,ZSTD_compressBlock_doubleFast,0x1e64,zstd
663,7,ZSTD_compressBlock_doubleFast,0x2525,zstd
664,7,ZSTD_compressBlock_doubleFast,0x255f,zstd
665,7,ZSTD_compressBlock_doubleFast,0x2562,zstd
666,7,ZSTD_compressBlock_doubleFast,0x2685,zstd
667,7,ZSTD_compressBlock_doubleFast_extDict_generic,0x43d,zstd
668,7,ZSTD_compressBlock_doubleFast_extDict_generic,0x485,zstd
669,7,ZSTD_compressBlock_doubleFast_extDict_generic,0x4be,zstd
670,7,ZSTD_compressBlock_doubleFast_extDict_generic,0x7d2,zstd
671,7,ZSTD_compressBlock_doubleFast_extDict_generic,0x7ea,zstd
672,7,ZSTD_compressBlock_doubleFast_extDict_generic,0xa32,zstd
673,7,ZSTD_seqToCodes,0x6d,zstd
674,7,__hrtimer_run_queues,0xc9,[kernel.kallsyms]
675,7,filemap_read,0x251,[kernel.kallsyms]
676,7,folio_unlock,0x5,[kernel.kallsyms]
677,7,memmove@plt,0x4,zstd
678,7,native_write_msr,0xb,[kernel.kallsyms]
679,7,shmem_get_folio_gfp,0x475,[kernel.kallsyms]
680,7,shmem_write_end,0x58,[kernel.kallsyms]
681,6,FSE_buildCTable_wksp,0x18e,zstd
682,6,FSE_buildCTable_wksp,0x344,zstd
683,6,FSE_buildCTable_wksp,0x351,zstd
684,6,HIST_count_parallel_wksp,0xb6,zstd
685,6,HUF_buildCTable_wksp,0xc2,zstd
686,6,HUF_buildCTable_wksp,0x1a7,zstd
687,6,HUF_buildCTable_wksp,0x350,zstd
688,6,HUF_compress1X_usingCTable_internal.isra.0,0x3ff,zstd
689,6,HUF_compress1X_usingCTable_internal.isra.0,0x444,zstd
690,6,HUF_compress1X_usingCTable_internal.isra.0,0x44f,zstd
691,6,HUF_compress1X_usingCTable_internal.isra.0,0x5e3,zstd
692,6,HUF_compress1X_usingCTable_internal.isra.0,0x5f4,zstd
693,6,HUF_compress1X_usingCTable_internal.isra.0,0x652,zstd
694,6,HUF_compress1X_usingCTable_internal.isra.0,0x67a,zstd
695,6,HUF_compress1X_usingCTable_internal.isra.0,0x698,zstd
696,6,HUF_compress1X_usingCTable_internal.isra.0,0xbda,zstd
697,6,HUF_compress1X_usingCTable_internal.isra.0,0xc55,zstd
698,6,HUF_simpleQuickSort,0xb6,zstd
699,6,ZSTD_compressBlock_doubleFast,0xb12,zstd
700,6,ZSTD_compressBlock_doubleFast,0x133d,zstd
701,6,ZSTD_compressBlock_doubleFast,0x13d9,zstd
702,6,ZSTD_compressBlock_doubleFast,0x1401,zstd
703,6,ZSTD_compressBlock_doubleFast,0x1c9e,zstd
704,6,ZSTD_compressBlock_doubleFast,0x1cc2,zstd
705,6,ZSTD_compressBlock_doubleFast,0x1cda,zstd
706,6,ZSTD_compressBlock_doubleFast,0x1e69,zstd
707,6,ZSTD_compressBlock_doubleFast,0x2457,zstd
708,6,ZSTD_compressBlock_doubleFast,0x255c,zstd
709,6,ZSTD_compressBlock_doubleFast,0x256f,zstd
710,6,ZSTD_compressBlock_doubleFast,0x2c02,zstd
711,6,ZSTD_compressBlock_doubleFast,0x2c24,zstd
712,6,ZSTD_compressBlock_doubleFast_extDict_generic,0x1db,zstd
713,6,ZSTD_compressBlock_doubleFast_extDict_generic,0x2ad,zstd
714,6,ZSTD_compressBlock_doubleFast_extDict_generic,0x44e,zstd
715,6,ZSTD_compressBlock_doubleFast_extDict_generic,0x45e,zstd
716,6,ZSTD_compressBlock_doubleFast_extDict_generic,0x46e,zstd
717,6,ZSTD_compressBlock_doubleFast_extDict_generic,0x473,zstd
718,6,ZSTD_compressBlock_doubleFast_extDict_generic,0x476,zstd
719,6,ZSTD_compressBlock_doubleFast_extDict_generic,0x489,zstd
720,6,ZSTD_compressBlock_doubleFast_extDict_generic,0x4ad,zstd
721,6,ZSTD_compressBlock_doubleFast_extDict_generic,0x879,zstd
722,6,ZSTD_compressBlock_doubleFast_extDict_generic,0x8fd,zstd
723,6,ZSTD_compressBlock_doubleFast_extDict_generic,0x9cb,zstd
724,6,ZSTD_compressBlock_doubleFast_extDict_generic,0xb56,zstd
725,6,ZSTD_count_2segments,0x5,zstd
726,6,ZSTD_count_2segments,0x36,zstd
727,6,ZSTD_splitBlock,0x128,zstd
728,6,__memmove_avx_unaligned_erms,0x307,libc.so.6
729,6,__srcu_read_lock,0xc,[kernel.kallsyms]
730,6,_raw_spin_trylock,0x17,[kernel.kallsyms]
731,6,account_user_time,0x11,[kernel.kallsyms]
732,6,account_user_time,0x22,[kernel.kallsyms]
733,6,cpuacct_charge,0x2e,[kernel.kallsyms]
734,6,find_lock_entries,0xbd,[kernel.kallsyms]
735,6,folio_batch_move_lru,0x67,[kernel.kallsyms]
736,6,notifier_call_chain,0x4a,[kernel.kallsyms]
737,6,sched_tick,0xa2,[kernel.kallsyms]
738,6,update_fast_timekeeper,0x9,[kernel.kallsyms]
739,6,xas_load,0x63,[kernel.kallsyms]
740,5,FSE_buildCTable_wksp,0xc0,zstd
741,5,FSE_buildCTable_wksp,0x188,zstd
742,5,FSE_buildCTable_wksp,0x3d4,zstd
743,5,FSE_normalizeCount,0xd0,zstd
744,5,FSE_writeNCount_generic,0x60,zstd
745,5,FSE_writeNCount_generic,0xdd,zstd
746,5,HIST_count_parallel_wksp,0x137,zstd
747,5,HIST_count_parallel_wksp,0x142,zstd
748,5,HIST_count_parallel_wksp,0x1e4,zstd
749,5,HUF_buildCTable_wksp,0x167,zstd
750,5,HUF_buildCTable_wksp,0x1b8,zstd
751,5,HUF_buildCTable_wksp,0x35d,zstd
752,5,HUF_compress1X_usingCTable_internal.isra.0,0x49c,zstd
753,5,HUF_compress1X_usingCTable_internal.isra.0,0x601,zstd
754,5,HUF_compress1X_usingCTable_internal.isra.0,0x634,zstd
755,5,HUF_compress1X_usingCTable_internal.isra.0,0xba2,zstd
756,5,HUF_compress1X_usingCTable_internal.isra.0,0xbe9,zstd
757,5,HUF_compress1X_usingCTable_internal.isra.0,0xc03,zstd
758,5,HUF_compress1X_usingCTable_internal.isra.0,0xc09,zstd
759,5,HUF_compress1X_usingCTable_internal.isra.0,0xc0f,zstd
760,5,HUF_compress1X_usingCTable_internal.isra.0,0xc17,zstd
761,5,HUF_compress1X_usingCTable_internal.isra.0,0xc47,zstd
762,5,HUF_compress1X_usingCTable_internal.isra.0,0xc60,zstd
763,5,HUF_compress1X_usingCTable_internal.isra.0,0xc70,zstd
764,5,ZSTD_XXH64_update,0x8b,zstd
765,5,ZSTD_XXH64_update,0xc6,zstd
766,5,ZSTD_compressBlock_doubleFast,0xae3,zstd
767,5,ZSTD_compressBlock_doubleFast,0xaf9,zstd
768,5,ZSTD_compressBlock_doubleFast,0xb0b,zstd
769,5,ZSTD_compressBlock_doubleFast,0xb9e,zstd
770,5,ZSTD_compressBlock_doubleFast,0xc64,zstd
771,5,ZSTD_compressBlock_doubleFast,0x137e,zstd
772,5,ZSTD_compressBlock_doubleFast,0x1382,zstd
773,5,ZSTD_compressBlock_doubleFast,0x13b3,zstd
774,5,ZSTD_compressBlock_doubleFast,0x13f9,zstd
775,5,ZSTD_compressBlock_doubleFast,0x2173,zstd
776,5,ZSTD_compressBlock_doubleFast,0x24ed,zstd
777,5,ZSTD_compressBlock_doubleFast,0x2516,zstd
778,5,ZSTD_compressBlock_doubleFast_extDict_generic,0x29e,zstd
779,5,ZSTD_compressBlock_doubleFast_extDict_generic,0x2de,zstd
780,5,ZSTD_compressBlock_doubleFast_extDict_generic,0x2f0,zstd
781,5,ZSTD_compressBlock_doubleFast_extDict_generic,0x2fa,zstd
782,5,ZSTD_compressBlock_doubleFast_extDict_generic,0x48f,zstd
783,5,ZSTD_compressBlock_doubleFast_extDict_generic,0x4ea,zstd
784,5,ZSTD_compressBlock_doubleFast_extDict_generic,0x60d,zstd
785,5,ZSTD_compressBlock_doubleFast_extDict_generic,0x680,zstd
786,5,ZSTD_compressBlock_doubleFast_extDict_generic,0x692,zstd
787,5,ZSTD_compressBlock_doubleFast_extDict_generic,0x7a7,zstd
788,5,ZSTD_compressBlock_doubleFast_extDict_generic,0x90b,zstd
789,5,ZSTD_compressBlock_doubleFast_extDict_generic,0xa6c,zstd
790,5,ZSTD_compressBlock_doubleFast_extDict_generic,0xac0,zstd
791,5,ZSTD_count_2segments,0x5d,zstd
792,5,__cgroup_account_cputime_field,0x31,[kernel.kallsyms]
793,5,__dquot_alloc_space,0x44,[kernel.kallsyms]
794,5,find_lock_entries,0x13c,[kernel.kallsyms]
795,5,folios_put_refs,0x8d,[kernel.kallsyms]
796,5,lru_gen_del_folio.constprop.0,0x65,[kernel.kallsyms]
797,5,lru_gen_del_folio.constprop.0,0x19a,[kernel.kallsyms]
798,5,perf_adjust_freq_unthr_context,0x5,[kernel.kallsyms]
799,5,security_vm_enough_memory_mm,0x1f,[kernel.kallsyms]
800,5,shmem_write_end,0x6c,[kernel.kallsyms]
801,5,task_tick_fair,0x3e,[kernel.kallsyms]
802,5,update_cfs_group,0x45,[kernel.kallsyms]
803,5,xas_clear_mark,0x52,[kernel.kallsyms]
804,4,FSE_buildCTable_wksp,0xce,zstd
805,4,FSE_buildCTable_wksp,0x167,zstd
806,4,FSE_buildCTable_wksp,0x16a,zstd
807,4,FSE_buildCTable_wksp,0x175,zstd
808,4,FSE_buildCTable_wksp,0x182,zstd
809,4,FSE_buildCTable_wksp,0x363,zstd
810,4,FSE_buildCTable_wksp,0x3a6,zstd
811,4,FSE_buildCTable_wksp,0x3ea,zstd
812,4,FSE_writeNCount_generic,0x68,zstd
813,4,FSE_writeNCount_generic,0xc0,zstd
814,4,FSE_writeNCount_generic,0xcd,zstd
815,4,FSE_writeNCount_generic,0xea,zstd
816,4,HIST_count_parallel_wksp,0xd5,zstd
817,4,HUF_buildCTable_wksp,0x13a,zstd
818,4,HUF_buildCTable_wksp,0x369,zstd
819,4,HUF_buildCTable_wksp,0x40b,zstd
820,4,HUF_buildCTable_wksp,0x827,zstd
821,4,HUF_compress1X_usingCTable_internal.isra.0,0x458,zstd
822,4,HUF_compress1X_usingCTable_internal.isra.0,0x5d5,zstd
823,4,HUF_compress1X_usingCTable_internal.isra.0,0x604,zstd
824,4,HUF_compress1X_usingCTable_internal.isra.0,0x607,zstd
825,4,HUF_compress1X_usingCTable_internal.isra.0,0x62a,zstd
826,4,HUF_compress1X_usingCTable_internal.isra.0,0x655,zstd
827,4,HUF_compress1X_usingCTable_internal.isra.0,0x66f,zstd
828,4,HUF_compress1X_usingCTable_internal.isra.0,0x68b,zstd
829,4,HUF_compress1X_usingCTable_internal.isra.0,0xbaa,zstd
830,4,HUF_compress1X_usingCTable_internal.isra.0,0xbdf,zstd
831,4,HUF_compress1X_usingCTable_internal.isra.0,0xbef,zstd
832,4,HUF_compress1X_usingCTable_internal.isra.0,0xc0c,zstd
833,4,HUF_compress1X_usingCTable_internal.isra.0,0xc40,zstd
834,4,HUF_compress1X_usingCTable_internal.isra.0,0xc4b,zstd
835,4,HUF_compress1X_usingCTable_internal.isra.0,0xc57,zstd
836,4,HUF_compress1X_usingCTable_internal.isra.0,0xc67,zstd
837,4,HUF_compress1X_usingCTable_internal.isra.0,0xc6b,zstd
838,4,HUF_compress1X_usingCTable_internal.isra.0,0xc6e,zstd
839,4,HUF_compress1X_usingCTable_internal.isra.0,0xc77,zstd
840,4,HUF_compress_internal,0x4f3,zstd
841,4,HUF_simpleQuickSort,0x9e,zstd
842,4,HUF_writeCTable_wksp,0x124,zstd
843,4,ZSTD_XXH64_update,0xdc,zstd
844,4,ZSTD_compressBlock_doubleFast,0xb4c,zstd
845,4,ZSTD_compressBlock_doubleFast,0xb5a,zstd
846,4,ZSTD_compressBlock_doubleFast,0xc22,zstd
847,4,ZSTD_compressBlock_doubleFast,0xcb5,zstd
848,4,ZSTD_compressBlock_doubleFast,0x132b,zstd
849,4,ZSTD_compressBlock_doubleFast,0x1396,zstd
850,4,ZSTD_compressBlock_doubleFast,0x13d0,zstd
851,4,ZSTD_compressBlock_doubleFast,0x1e55,zstd
852,4,ZSTD_compressBlock_doubleFast,0x2294,zstd
853,4,ZSTD_compressBlock_doubleFast,0x22b4,zstd
854,4,ZSTD_compressBlock_doubleFast,0x24f5,zstd
855,4,ZSTD_compressBlock_doubleFast,0x2555,zstd
856,4,ZSTD_compressBlock_doubleFast,0x25ee,zstd
857,4,ZSTD_compressBlock_doubleFast_extDict_generic,0x2b0,zstd
858,4,ZSTD_compressBlock_doubleFast_extDict_generic,0x2e2,zstd
859,4,ZSTD_compressBlock_doubleFast_extDict_generic,0x321,zstd
860,4,ZSTD_compressBlock_doubleFast_extDict_generic,0x442,zstd
861,4,ZSTD_compressBlock_doubleFast_extDict_generic,0x46b,zstd
862,4,ZSTD_compressBlock_doubleFast_extDict_generic,0x4b5,zstd
863,4,ZSTD_compressBlock_doubleFast_extDict_generic,0x4d5,zstd
864,4,ZSTD_compressBlock_doubleFast_extDict_generic,0x4d9,zstd
865,4,ZSTD_compressBlock_doubleFast_extDict_generic,0x608,zstd
866,4,ZSTD_compressBlock_doubleFast_extDict_generic,0x65f,zstd
867,4,ZSTD_compressBlock_doubleFast_extDict_generic,0x7d5,zstd
868,4,ZSTD_compressBlock_doubleFast_extDict_generic,0x7e5,zstd
869,4,ZSTD_compressBlock_doubleFast_extDict_generic,0x809,zstd
870,4,ZSTD_compressBlock_doubleFast_extDict_generic,0x8b3,zstd
871,4,ZSTD_compressBlock_doubleFast_extDict_generic,0x9ea,zstd
872,4,ZSTD_compressBlock_doubleFast_extDict_generic,0xac4,zstd
873,4,ZSTD_count_2segments,0xf,zstd
874,4,ZSTD_count_2segments,0x119,zstd
875,4,__kmalloc_noprof,0x107,[kernel.kallsyms]
876,4,_copy_to_iter,0x91,[kernel.kallsyms]
877,4,_find_first_bit,0x1d,[kernel.kallsyms]
878,4,do_syscall_64,0x0,[kernel.kallsyms]
879,4,error_return,0x0,[kernel.kallsyms]
880,4,fdget_pos,0x1c,[kernel.kallsyms]
881,4,filemap_get_read_batch,0xf3,[kernel.kallsyms]
882,4,filemap_remove_folio,0x5,[kernel.kallsyms]
883,4,filemap_remove_folio,0xa6,[kernel.kallsyms]
884,4,free_pcppages_bulk,0x14e,[kernel.kallsyms]
885,4,lru_add,0x1c,[kernel.kallsyms]
886,4,lru_add,0x22,[kernel.kallsyms]
887,4,mod_memcg_lruvec_state,0x5b,[kernel.kallsyms]
888,4,ntp_tick_length,0x10,[kernel.kallsyms]
889,4,percpu_counter_add_batch,0xa,[kernel.kallsyms]
890,4,pvclock_gtod_notify,0x0,[kernel.kallsyms]
891,4,task_tick_fair,0x210,[kernel.kallsyms]
892,4,xas_load,0x3a,[kernel.kallsyms]
893,3,FSE_buildCTable_wksp,0x101,zstd
894,3,FSE_buildCTable_wksp,0x140,zstd
895,3,FSE_buildCTable_wksp,0x2de,zstd
896,3,FSE_buildCTable_wksp,0x2e4,zstd
897,3,FSE_buildCTable_wksp,0x2ff,zstd
898,3,FSE_buildCTable_wksp,0x3e4,zstd
899,3,FSE_compress_usingCTable_generic,0x3a0,zstd
900,3,FSE_compress_usingCTable_generic,0x3d1,zstd
901,3,FSE_normalizeCount,0x98,zstd
902,3,FSE_normalizeCount,0xd7,zstd
903,3,FSE_normalizeCount,0xe4,zstd
904,3,FSE_normalizeCount,0x10d,zstd
905,3,FSE_normalizeCount,0x143,zstd
906,3,FSE_writeNCount_generic,0xbb,zstd
907,3,FSE_writeNCount_generic,0xd2,zstd
908,3,FSE_writeNCount_generic,0xf7,zstd
909,3,FSE_writeNCount_generic,0x110,zstd
910,3,HIST_count_parallel_wksp,0x1cc,zstd
911,3,HIST_count_parallel_wksp,0x1d8,zstd
912,3,HIST_count_parallel_wksp,0x1f4,zstd
913,3,HIST_count_parallel_wksp,0x1fc,zstd
914,3,HIST_count_simple,0x40,zstd
915,3,HUF_buildCTable_wksp,0xf5,zstd
916,3,HUF_buildCTable_wksp,0x127,zstd
917,3,HUF_buildCTable_wksp,0x129,zstd
918,3,HUF_buildCTable_wksp,0x170,zstd
919,3,HUF_buildCTable_wksp,0x1a3,zstd
920,3,HUF_buildCTable_wksp,0x38b,zstd
921,3,HUF_buildCTable_wksp,0x399,zstd
922,3,HUF_buildCTable_wksp,0x3b0,zstd
923,3,HUF_buildCTable_wksp,0x44f,zstd
924,3,HUF_buildCTable_wksp,0x5b0,zstd
925,3,HUF_buildCTable_wksp,0x7cc,zstd
926,3,HUF_buildCTable_wksp,0x830,zstd
927,3,HUF_buildCTable_wksp,0x83b,zstd
928,3,HUF_buildCTable_wksp,0x83d,zstd
929,3,HUF_compress1X_usingCTable_internal.isra.0,0x3db,zstd
930,3,HUF_compress1X_usingCTable_internal.isra.0,0x3ef,zstd
931,3,HUF_compress1X_usingCTable_internal.isra.0,0x3f8,zstd
932,3,HUF_compress1X_usingCTable_internal.isra.0,0x405,zstd
933,3,HUF_compress1X_usingCTable_internal.isra.0,0x421,zstd
934,3,HUF_compress1X_usingCTable_internal.isra.0,0x440,zstd
935,3,HUF_compress1X_usingCTable_internal.isra.0,0x466,zstd
936,3,HUF_compress1X_usingCTable_internal.isra.0,0x474,zstd
937,3,HUF_compress1X_usingCTable_internal.isra.0,0x47d,zstd
938,3,HUF_compress1X_usingCTable_internal.isra.0,0x4a2,zstd
939,3,HUF_compress1X_usingCTable_internal.isra.0,0x618,zstd
940,3,HUF_compress1X_usingCTable_internal.isra.0,0x61d,zstd
941,3,HUF_compress1X_usingCTable_internal.isra.0,0x624,zstd
942,3,HUF_compress1X_usingCTable_internal.isra.0,0x67d,zstd
943,3,HUF_compress1X_usingCTable_internal.isra.0,0xba5,zstd
944,3,HUF_compress1X_usingCTable_internal.isra.0,0xbd5,zstd
945,3,HUF_compress1X_usingCTable_internal.isra.0,0xbf2,zstd
946,3,HUF_compress1X_usingCTable_internal.isra.0,0xbff,zstd
947,3,HUF_compress1X_usingCTable_internal.isra.0,0xc06,zstd
948,3,HUF_compress1X_usingCTable_internal.isra.0,0xc15,zstd
949,3,HUF_compress1X_usingCTable_internal.isra.0,0xc4f,zstd
950,3,HUF_compress_internal,0x33c,zstd
951,3,HUF_simpleQuickSort,0x80,zstd
952,3,HUF_simpleQuickSort,0x82,zstd
953,3,ZSTD_buildSeqStore,0x265,zstd
954,3,ZSTD_buildSequencesStatistics,0xb8,zstd
955,3,ZSTD_compressBlock_doubleFast,0xac5,zstd
956,3,ZSTD_compressBlock_doubleFast,0xaee,zstd
957,3,ZSTD_compressBlock_doubleFast,0xb17,zstd
958,3,ZSTD_compressBlock_doubleFast,0xb22,zstd
959,3,ZSTD_compressBlock_doubleFast,0xb52,zstd
960,3,ZSTD_compressBlock_doubleFast,0xc20,zstd
961,3,ZSTD_compressBlock_doubleFast,0xc37,zstd
962,3,ZSTD_compressBlock_doubleFast,0xcd9,zstd
963,3,ZSTD_compressBlock_doubleFast,0x138e,zstd
964,3,ZSTD_compressBlock_doubleFast,0x1c9a,zstd
965,3,ZSTD_compressBlock_doubleFast,0x1ce8,zstd
966,3,ZSTD_compressBlock_doubleFast,0x1d16,zstd
967,3,ZSTD_compressBlock_doubleFast,0x1d1b,zstd
968,3,ZSTD_compressBlock_doubleFast,0x24f9,zstd
969,3,ZSTD_compressBlock_doubleFast,0x251c,zstd
970,3,ZSTD_compressBlock_doubleFast,0x2533,zstd
971,3,ZSTD_compressBlock_doubleFast,0x253f,zstd
972,3,ZSTD_compressBlock_doubleFast,0x2549,zstd
973,3,ZSTD_compressBlock_doubleFast,0x2618,zstd
974,3,ZSTD_compressBlock_doubleFast,0x3310,zstd
975,3,ZSTD_compressBlock_doubleFast,0x3355,zstd
976,3,ZSTD_compressBlock_doubleFast,0x3368,zstd
977,3,ZSTD_compressBlock_doubleFast,0x336b,zstd
978,3,ZSTD_compressBlock_doubleFast_extDict_generic,0x1ff,zstd
979,3,ZSTD_compressBlock_doubleFast_extDict_generic,0x220,zstd
980,3,ZSTD_compressBlock_doubleFast_extDict_generic,0x22f,zstd
981,3,ZSTD_compressBlock_doubleFast_extDict_generic,0x267,zstd
982,3,ZSTD_compressBlock_doubleFast_extDict_generic,0x270,zstd
983,3,ZSTD_compressBlock_doubleFast_extDict_generic,0x2d9,zstd
984,3,ZSTD_compressBlock_doubleFast_extDict_generic,0x2eb,zstd
985,3,ZSTD_compressBlock_doubleFast_extDict_generic,0x47a,zstd
986,3,ZSTD_compressBlock_doubleFast_extDict_generic,0x498,zstd
987,3,ZSTD_compressBlock_doubleFast_extDict_generic,0x49f,zstd
988,3,ZSTD_compressBlock_doubleFast_extDict_generic,0x4b1,zstd
989,3,ZSTD_compressBlock_doubleFast_extDict_generic,0x4d1,zstd
990,3,ZSTD_compressBlock_doubleFast_extDict_generic,0x650,zstd
991,3,ZSTD_compressBlock_doubleFast_extDict_generic,0x699,zstd
992,3,ZSTD_compressBlock_doubleFast_extDict_generic,0x79c,zstd
993,3,ZSTD_compressBlock_doubleFast_extDict_generic,0x7f7,zstd
994,3,ZSTD_compressBlock_doubleFast_extDict_generic,0x810,zstd
995,3,ZSTD_compressBlock_doubleFast_extDict_generic,0x8c4,zstd
996,3,ZSTD_compressBlock_doubleFast_extDict_generic,0x8c7,zstd
997,3,ZSTD_compressBlock_doubleFast_extDict_generic,0x9c6,zstd
998,3,ZSTD_compressBlock_doubleFast_extDict_generic,0x9cf,zstd
999,3,ZSTD_compressBlock_doubleFast_extDict_generic,0xa05,zstd
1000,3,ZSTD_compressBlock_doubleFast_extDict_generic,0xa89,zstd
1001,3,ZSTD_count_2segments,0x69,zstd
1002,3,ZSTD_count_2segments,0x108,zstd
1003,3,ZSTD_encodeSequences,0x23e,zstd
1004,3,ZSTD_seqToCodes,0x50,zstd
1005,3,[unknown],,[kernel.kallsyms]
1006,3,_IO_fwrite,0xd8,libc.so.6
1007,3,__css_rstat_updated,0x2f,[kernel.kallsyms]
1008,3,__folio_cancel_dirty,0x29,[kernel.kallsyms]
1009,3,__fsnotify_parent,0xe5,[kernel.kallsyms]
1010,3,__kmalloc_noprof,0x130,[kernel.kallsyms]
1011,3,__memmove_avx_unaligned_erms,0xd,libc.so.6
1012,3,__memmove_avx_unaligned_erms,0xc0,libc.so.6
1013,3,__memset_avx2_unaligned_erms,0x0,libc.so.6
1014,3,__mod_zone_page_state,0x0,[kernel.kallsyms]
1015,3,__next_zones_zonelist,0x14,[kernel.kallsyms]
1016,3,__rcu_read_lock,0xe,[kernel.kallsyms]
1017,3,__rcu_read_lock,0x14,[kernel.kallsyms]
1018,3,__rcu_read_unlock,0x20,[kernel.kallsyms]
1019,3,_copy_to_iter,0x96,[kernel.kallsyms]
1020,3,arch_scale_freq_tick,0x38,[kernel.kallsyms]
1021,3,begin_current_label_crit_section,0x2e,[kernel.kallsyms]
1022,3,btrfs_file_read_iter,0xc,[kernel.kallsyms]
1023,3,calc_global_load_tick,0xd,[kernel.kallsyms]
1024,3,clear_bhb_loop,0x83,[kernel.kallsyms]
1025,3,entry_SYSCALL_64,0x0,[kernel.kallsyms]
1026,3,filemap_read,0x23c,[kernel.kallsyms]
1027,3,filemap_read,0x25c,[kernel.kallsyms]
1028,3,find_lock_entries,0xae,[kernel.kallsyms]
1029,3,folio_mapping,0x12,[kernel.kallsyms]
1030,3,folio_mark_accessed,0x3b,[kernel.kallsyms]
1031,3,fsnotify_destroy_event,0x5b,[kernel.kallsyms]
1032,3,get_mem_cgroup_from_mm,0x33,[kernel.kallsyms]
1033,3,get_mem_cgroup_from_mm,0xde,[kernel.kallsyms]
1034,3,inotify_handle_inode_event,0x4b,[kernel.kallsyms]
1035,3,lru_gen_del_folio.constprop.0,0xef,[kernel.kallsyms]
1036,3,mod_memcg_lruvec_state,0x6f,[kernel.kallsyms]
1037,3,mod_memcg_lruvec_state,0x105,[kernel.kallsyms]
1038,3,rb_next,0x4b,[kernel.kallsyms]
1039,3,rmqueue_pcplist,0x0,[kernel.kallsyms]
1040,3,sched_tick,0x92,[kernel.kallsyms]
1041,3,shmem_add_to_page_cache,0x3a,[kernel.kallsyms]
1042,3,shmem_write_begin,0xa1,[kernel.kallsyms]
1043,3,static_key_count,0x6,[kernel.kallsyms]
1044,3,static_key_count,0x12,[kernel.kallsyms]
1045,3,tick_program_event,0x1a,[kernel.kallsyms]
1046,3,tmigr_requires_handle_remote,0xc9,[kernel.kallsyms]
1047,3,try_charge_memcg,0xe,[kernel.kallsyms]
1048,3,try_charge_memcg,0x10,[kernel.kallsyms]
1049,3,uncharge_folio,0x1f1,[kernel.kallsyms]
1050,3,update_process_times,0xa1,[kernel.kallsyms]
1051,3,xas_clear_mark,0x4,[kernel.kallsyms]
1052,2,AIO_ReadPool_consumeBytes,0x17,zstd
1053,2,AIO_ReadPool_fillBuffer,0x42,zstd
1054,2,AIO_ReadPool_fillBuffer,0x89,zstd
1055,2,AIO_WritePool_executeWriteJob,0x21b,zstd
1056,2,FIO_compressFilename_srcFile,0x4d1,zstd
1057,2,FIO_compressFilename_srcFile,0x629,zstd
1058,2,FSE_buildCTable_wksp,0xc6,zstd
1059,2,FSE_buildCTable_wksp,0x14a,zstd
1060,2,FSE_buildCTable_wksp,0x168,zstd
1061,2,FSE_buildCTable_wksp,0x184,zstd
1062,2,FSE_buildCTable_wksp,0x1a3,zstd
1063,2,FSE_buildCTable_wksp,0x2b4,zstd
1064,2,FSE_buildCTable_wksp,0x37f,zstd
1065,2,FSE_buildCTable_wksp,0x39a,zstd
1066,2,FSE_buildCTable_wksp,0x3a3,zstd
1067,2,FSE_buildCTable_wksp,0x3c2,zstd
1068,2,FSE_compress_usingCTable_generic,0x390,zstd
1069,2,FSE_compress_usingCTable_generic,0x393,zstd
1070,2,FSE_compress_usingCTable_generic,0x3cc,zstd
1071,2,FSE_compress_usingCTable_generic,0x402,zstd
1072,2,FSE_compress_usingCTable_generic,0x43f,zstd
1073,2,FSE_normalizeCount,0xe2,zstd
1074,2,FSE_normalizeCount,0xe7,zstd
1075,2,FSE_normalizeCount,0xff,zstd
1076,2,FSE_normalizeCount,0x13c,zstd
1077,2,FSE_normalizeCount,0x140,zstd
1078,2,FSE_normalizeCount,0x14f,zstd
1079,2,FSE_normalizeCount,0x159,zstd
1080,2,FSE_writeNCount_generic,0x77,zstd
1081,2,FSE_writeNCount_generic,0xaf,zstd
1082,2,FSE_writeNCount_generic,0x219,zstd
1083,2,HIST_count_parallel_wksp,0x1f8,zstd
1084,2,HIST_count_parallel_wksp,0x200,zstd
1085,2,HIST_count_parallel_wksp,0x2c4,zstd
1086,2,HUF_buildCTable_wksp,0x136,zstd
1087,2,HUF_buildCTable_wksp,0x187,zstd
1088,2,HUF_buildCTable_wksp,0x30a,zstd
1089,2,HUF_buildCTable_wksp,0x320,zstd
1090,2,HUF_buildCTable_wksp,0x370,zstd
1091,2,HUF_buildCTable_wksp,0x384,zstd
1092,2,HUF_buildCTable_wksp,0x3b9,zstd
1093,2,HUF_buildCTable_wksp,0x460,zstd
1094,2,HUF_buildCTable_wksp,0x552,zstd
1095,2,HUF_buildCTable_wksp,0x5aa,zstd
1096,2,HUF_buildCTable_wksp,0x5be,zstd
1097,2,HUF_buildCTable_wksp,0x7c3,zstd
1098,2,HUF_buildCTable_wksp,0x840,zstd
1099,2,HUF_buildCTable_wksp,0x846,zstd
1100,2,HUF_compress1X_usingCTable_internal.isra.0,0x412,zstd
1101,2,HUF_compress1X_usingCTable_internal.isra.0,0x41e,zstd
1102,2,HUF_compress1X_usingCTable_internal.isra.0,0x425,zstd
1103,2,HUF_compress1X_usingCTable_internal.isra.0,0x435,zstd
1104,2,HUF_compress1X_usingCTable_internal.isra.0,0x462,zstd
1105,2,HUF_compress1X_usingCTable_internal.isra.0,0x477,zstd
1106,2,HUF_compress1X_usingCTable_internal.isra.0,0x485,zstd
1107,2,HUF_compress1X_usingCTable_internal.isra.0,0x491,zstd
1108,2,HUF_compress1X_usingCTable_internal.isra.0,0x498,zstd
1109,2,HUF_compress1X_usingCTable_internal.isra.0,0x49f,zstd
1110,2,HUF_compress1X_usingCTable_internal.isra.0,0x5cb,zstd
1111,2,HUF_compress1X_usingCTable_internal.isra.0,0x60d,zstd
1112,2,HUF_compress1X_usingCTable_internal.isra.0,0x610,zstd
1113,2,HUF_compress1X_usingCTable_internal.isra.0,0x621,zstd
1114,2,HUF_compress1X_usingCTable_internal.isra.0,0x627,zstd
1115,2,HUF_compress1X_usingCTable_internal.isra.0,0x65d,zstd
1116,2,HUF_compress1X_usingCTable_internal.isra.0,0x664,zstd
1117,2,HUF_compress1X_usingCTable_internal.isra.0,0x668,zstd
1118,2,HUF_compress1X_usingCTable_internal.isra.0,0x677,zstd
1119,2,HUF_compress1X_usingCTable_internal.isra.0,0x690,zstd
1120,2,HUF_compress1X_usingCTable_internal.isra.0,0x694,zstd
1121,2,HUF_compress1X_usingCTable_internal.isra.0,0x69e,zstd
1122,2,HUF_compress1X_usingCTable_internal.isra.0,0x6a3,zstd
1123,2,HUF_compress1X_usingCTable_internal.isra.0,0xa92,zstd
1124,2,HUF_compress1X_usingCTable_internal.isra.0,0xbfa,zstd
1125,2,HUF_compress1X_usingCTable_internal.isra.0,0xbfc,zstd
1126,2,HUF_compress1X_usingCTable_internal.isra.0,0xc5a,zstd
1127,2,HUF_compress1X_usingCTable_internal.isra.0,0xc7e,zstd
1128,2,HUF_compress_internal,0x31b,zstd
1129,2,HUF_compress_internal,0x4ea,zstd
1130,2,HUF_simpleQuickSort,0x87,zstd
1131,2,HUF_simpleQuickSort,0x1a0,zstd
1132,2,HUF_writeCTable_wksp,0x120,zstd
1133,2,HUF_writeCTable_wksp,0x12d,zstd
1134,2,ZSTD_XXH64_update,0xd5,zstd
1135,2,ZSTD_buildSequencesStatistics,0x260,zstd
1136,2,ZSTD_compressBlock_doubleFast,0xaca,zstd
1137,2,ZSTD_compressBlock_doubleFast,0xad8,zstd
1138,2,ZSTD_compressBlock_doubleFast,0xae7,zstd
1139,2,ZSTD_compressBlock_doubleFast,0xae9,zstd
1140,2,ZSTD_compressBlock_doubleFast,0xb2a,zstd
1141,2,ZSTD_compressBlock_doubleFast,0xb68,zstd
1142,2,ZSTD_compressBlock_doubleFast,0xc0b,zstd
1143,2,ZSTD_compressBlock_doubleFast,0xc5b,zstd
1144,2,ZSTD_compressBlock_doubleFast,0xc77,zstd
1145,2,ZSTD_compressBlock_doubleFast,0xcc3,zstd
1146,2,ZSTD_compressBlock_doubleFast,0xcfe,zstd
1147,2,ZSTD_compressBlock_doubleFast,0x132d,zstd
1148,2,ZSTD_compressBlock_doubleFast,0x1331,zstd
1149,2,ZSTD_compressBlock_doubleFast,0x1342,zstd
1150,2,ZSTD_compressBlock_doubleFast,0x1371,zstd
1151,2,ZSTD_compressBlock_doubleFast,0x1377,zstd
1152,2,ZSTD_compressBlock_doubleFast,0x13c8,zstd
1153,2,ZSTD_compressBlock_doubleFast,0x13e9,zstd
1154,2,ZSTD_compressBlock_doubleFast,0x13f1,zstd
1155,2,ZSTD_compressBlock_doubleFast,0x1c0f,zstd
1156,2,ZSTD_compressBlock_doubleFast,0x1c12,zstd
1157,2,ZSTD_compressBlock_doubleFast,0x1c15,zstd
1158,2,ZSTD_compressBlock_doubleFast,0x1c18,zstd
1159,2,ZSTD_compressBlock_doubleFast,0x1cb7,zstd
1160,2,ZSTD_compressBlock_doubleFast,0x1cc7,zstd
1161,2,ZSTD_compressBlock_doubleFast,0x1ceb,zstd
1162,2,ZSTD_compressBlock_doubleFast,0x1ced,zstd
1163,2,ZSTD_compressBlock_doubleFast,0x1d21,zstd
1164,2,ZSTD_compressBlock_doubleFast,0x1e58,zstd
1165,2,ZSTD_compressBlock_doubleFast,0x22bf,zstd
1166,2,ZSTD_compressBlock_doubleFast,0x22ca,zstd
1167,2,ZSTD_compressBlock_doubleFast,0x2504,zstd
1168,2,ZSTD_compressBlock_doubleFast,0x2538,zstd
1169,2,ZSTD_compressBlock_doubleFast,0x2565,zstd
1170,2,ZSTD_compressBlock_doubleFast,0x2582,zstd
1171,2,ZSTD_compressBlock_doubleFast,0x265d,zstd
1172,2,ZSTD_compressBlock_doubleFast,0x2671,zstd
1173,2,ZSTD_compressBlock_doubleFast,0x2679,zstd
1174,2,ZSTD_compressBlock_doubleFast,0x2c10,zstd
1175,2,ZSTD_compressBlock_doubleFast,0x2c14,zstd
1176,2,ZSTD_compressBlock_doubleFast,0x2c21,zstd
1177,2,ZSTD_compressBlock_doubleFast,0x2c39,zstd
1178,2,ZSTD_compressBlock_doubleFast,0x2c41,zstd
1179,2,ZSTD_compressBlock_doubleFast,0x2d8b,zstd
1180,2,ZSTD_compressBlock_doubleFast,0x2fe9,zstd
1181,2,ZSTD_compressBlock_doubleFast,0x340b,zstd
1182,2,ZSTD_compressBlock_doubleFast_extDict_generic,0x23f,zstd
1183,2,ZSTD_compressBlock_doubleFast_extDict_generic,0x2a3,zstd
1184,2,ZSTD_compressBlock_doubleFast_extDict_generic,0x397,zstd
1185,2,ZSTD_compressBlock_doubleFast_extDict_generic,0x453,zstd
1186,2,ZSTD_compressBlock_doubleFast_extDict_generic,0x462,zstd
1187,2,ZSTD_compressBlock_doubleFast_extDict_generic,0x65b,zstd
1188,2,ZSTD_compressBlock_doubleFast_extDict_generic,0x859,zstd
1189,2,ZSTD_compressBlock_doubleFast_extDict_generic,0x8cb,zstd
1190,2,ZSTD_compressBlock_doubleFast_extDict_generic,0x93d,zstd
1191,2,ZSTD_compressBlock_doubleFast_extDict_generic,0x97a,zstd
1192,2,ZSTD_compressBlock_doubleFast_extDict_generic,0x9ba,zstd
1193,2,ZSTD_compressBlock_doubleFast_extDict_generic,0x9c3,zstd
1194,2,ZSTD_compressBlock_doubleFast_extDict_generic,0x9e6,zstd
1195,2,ZSTD_compressBlock_doubleFast_extDict_generic,0x9f2,zstd
1196,2,ZSTD_compressContinue_internal,0x179,zstd
1197,2,ZSTD_count_2segments,0x1d4,zstd
1198,2,ZSTD_splitBlock,0xe9,zstd
1199,2,__css_rstat_updated,0x17,[kernel.kallsyms]
1200,2,__css_rstat_updated,0x5a,[kernel.kallsyms]
1201,2,__dquot_alloc_space,0x47,[kernel.kallsyms]
1202,2,__dquot_alloc_space,0x1d6,[kernel.kallsyms]
1203,2,__filemap_remove_folio,0x105,[kernel.kallsyms]
1204,2,__handle_mm_fault,0x46,[kernel.kallsyms]
1205,2,__hrtimer_run_queues,0xcd,[kernel.kallsyms]
1206,2,__irq_exit_rcu,0x1a,[kernel.kallsyms]
1207,2,__irqentry_text_end,0x3f,[kernel.kallsyms]
1208,2,__mem_cgroup_charge,0x0,[kernel.kallsyms]
1209,2,__mem_cgroup_uncharge_folios,0x6f,[kernel.kallsyms]
1210,2,__memmove_avx_unaligned_erms,0x1c0,libc.so.6
1211,2,__memset_avx2_unaligned_erms,0x15,libc.so.6
1212,2,__page_cache_release.part.0,0x14,[kernel.kallsyms]
1213,2,__page_cache_release.part.0,0x17b,[kernel.kallsyms]
1214,2,__rcu_read_lock,0xd,[kernel.kallsyms]
1215,2,__rcu_read_lock,0x17,[kernel.kallsyms]
1216,2,__rcu_read_lock,0x1a,[kernel.kallsyms]
1217,2,__rcu_read_unlock,0xd,[kernel.kallsyms]
1218,2,__srcu_read_lock,0x6,[kernel.kallsyms]
1219,2,__srcu_read_lock,0x10,[kernel.kallsyms]
1220,2,__syscall_cancel,0x4,libc.so.6
1221,2,__syscall_cancel,0x18,libc.so.6
1222,2,__syscall_cancel,0xa6,libc.so.6
1223,2,__sysvec_apic_timer_interrupt,0x34,[kernel.kallsyms]
1224,2,__timekeeping_advance,0x4dd,[kernel.kallsyms]
1225,2,__update_load_avg_cfs_rq,0x10d,[kernel.kallsyms]
1226,2,__vm_enough_memory,0x1c,[kernel.kallsyms]
1227,2,_copy_to_iter,0x7,[kernel.kallsyms]
1228,2,_copy_to_iter,0xad,[kernel.kallsyms]
1229,2,_copy_to_iter,0xbc,[kernel.kallsyms]
1230,2,_find_first_bit,0x0,[kernel.kallsyms]
1231,2,_raw_spin_lock_irq,0x21,[kernel.kallsyms]
1232,2,_raw_spin_unlock_irq,0x10,[kernel.kallsyms]
1233,2,arch_exit_to_user_mode_prepare.isra.0,0x0,[kernel.kallsyms]
1234,2,arch_scale_freq_tick,0xc0,[kernel.kallsyms]
1235,2,cap_vm_enough_memory,0x0,[kernel.kallsyms]
1236,2,charge_memcg,0x6a,[kernel.kallsyms]
1237,2,clear_bhb_loop,0x90,[kernel.kallsyms]
1238,2,copy_folio_from_iter_atomic,0xc6,[kernel.kallsyms]
1239,2,cpuacct_charge,0x46,[kernel.kallsyms]
1240,2,delayed_work_timer_fn,0x0,[kernel.kallsyms]
1241,2,dput,0x0,[kernel.kallsyms]
1242,2,dquot_add_space,0x1f,[kernel.kallsyms]
1243,2,dquot_add_space,0x26,[kernel.kallsyms]
1244,2,entry_SYSRETQ_unsafe_stack,0xa,[kernel.kallsyms]
1245,2,error_entry,0x0,[kernel.kallsyms]
1246,2,fdget_pos,0x45,[kernel.kallsyms]
1247,2,fdget_pos,0x6e,[kernel.kallsyms]
1248,2,file_remove_privs_flags,0x27,[kernel.kallsyms]
1249,2,filemap_get_entry,0x50,[kernel.kallsyms]
1250,2,filemap_get_read_batch,0xba,[kernel.kallsyms]
1251,2,filemap_get_read_batch,0x145,[kernel.kallsyms]
1252,2,filemap_read,0x4a,[kernel.kallsyms]
1253,2,filemap_read,0x1e3,[kernel.kallsyms]
1254,2,filemap_read,0x212,[kernel.kallsyms]
1255,2,filemap_read,0x249,[kernel.kallsyms]
1256,2,filemap_read,0x2a7,[kernel.kallsyms]
1257,2,folio_batch_move_lru,0x10d,[kernel.kallsyms]
1258,2,folio_mapping,0x3b,[kernel.kallsyms]
1259,2,folio_mark_accessed,0x15,[kernel.kallsyms]
1260,2,folio_mark_dirty,0x2c,[kernel.kallsyms]
1261,2,free_frozen_page_commit.isra.0,0x8a,[kernel.kallsyms]
1262,2,free_pcppages_bulk,0x102,[kernel.kallsyms]
1263,2,free_unref_folios,0x366,[kernel.kallsyms]
1264,2,fsnotify,0x32a,[kernel.kallsyms]
1265,2,fsnotify,0x478,[kernel.kallsyms]
1266,2,fwrite@plt,0x4,zstd
1267,2,generic_write_check_limits,0x22,[kernel.kallsyms]
1268,2,get_mem_cgroup_from_mm,0x1f,[kernel.kallsyms]
1269,2,get_mem_cgroup_from_mm,0x6f,[kernel.kallsyms]
1270,2,get_mem_cgroup_from_mm,0xca,[kernel.kallsyms]
1271,2,get_mem_cgroup_from_mm,0xe5,[kernel.kallsyms]
1272,2,get_task_policy,0x5,[kernel.kallsyms]
1273,2,irq_work_tick,0x9,[kernel.kallsyms]
1274,2,ktime_get,0x10,[kernel.kallsyms]
1275,2,ktime_get_coarse_real_ts64_mg,0x5,[kernel.kallsyms]
1276,2,ktime_get_update_offsets_now,0x42,[kernel.kallsyms]
1277,2,ktime_get_update_offsets_now,0x92,[kernel.kallsyms]
1278,2,lapic_next_deadline,0x9,[kernel.kallsyms]
1279,2,lru_gen_add_folio,0xf2,[kernel.kallsyms]
1280,2,lru_gen_add_folio,0x288,[kernel.kallsyms]
1281,2,lru_gen_del_folio.constprop.0,0x3f,[kernel.kallsyms]
1282,2,lru_gen_del_folio.constprop.0,0x123,[kernel.kallsyms]
1283,2,lru_gen_del_folio.constprop.0,0x161,[kernel.kallsyms]
1284,2,lruvec_stat_mod_folio,0xe,[kernel.kallsyms]
1285,2,lruvec_stat_mod_folio,0x63,[kernel.kallsyms]
1286,2,mod_memcg_lruvec_state,0x1a,[kernel.kallsyms]
1287,2,mod_memcg_lruvec_state,0xa7,[kernel.kallsyms]
1288,2,mod_memcg_state,0x128,[kernel.kallsyms]
1289,2,mod_node_page_state,0x5c,[kernel.kallsyms]
1290,2,mod_node_page_state,0x6d,[kernel.kallsyms]
1291,2,mod_node_page_state,0x8f,[kernel.kallsyms]
1292,2,mod_node_page_state,0x95,[kernel.kallsyms]
1293,2,mpol_shared_policy_lookup,0x0,[kernel.kallsyms]
1294,2,nohz_balancer_kick,0x35,[kernel.kallsyms]
1295,2,noop_dirty_folio,0x0,[kernel.kallsyms]
1296,2,noop_dirty_folio,0x1d,[kernel.kallsyms]
1297,2,propagate_entity_load_avg,0x30,[kernel.kallsyms]
1298,2,psi_task_switch,0xd2,[kernel.kallsyms]
1299,2,rcu_pending,0x68,[kernel.kallsyms]
1300,2,refill_obj_stock,0x93,[kernel.kallsyms]
1301,2,rmqueue_pcplist,0x18,[kernel.kallsyms]
1302,2,sched_balance_trigger,0x1a,[kernel.kallsyms]
1303,2,sched_clock_cpu,0xf,[kernel.kallsyms]
1304,2,security_vm_enough_memory_mm,0x26,[kernel.kallsyms]
1305,2,security_vm_enough_memory_mm,0x52,[kernel.kallsyms]
1306,2,shmem_add_to_page_cache,0x119,[kernel.kallsyms]
1307,2,shmem_add_to_page_cache,0x233,[kernel.kallsyms]
1308,2,shmem_alloc_and_add_folio,0x1e,[kernel.kallsyms]
1309,2,shmem_alloc_and_add_folio,0x132,[kernel.kallsyms]
1310,2,shmem_huge_global_enabled.isra.0,0x3c,[kernel.kallsyms]
1311,2,shmem_write_begin,0x0,[kernel.kallsyms]
1312,2,shmem_write_end,0x0,[kernel.kallsyms]
1313,2,static_key_count,0xd,[kernel.kallsyms]
1314,2,static_key_count,0x1a,[kernel.kallsyms]
1315,2,syscall_return_via_sysret,0x33,[kernel.kallsyms]
1316,2,task_tick_fair,0x9a,[kernel.kallsyms]
1317,2,tick_do_update_jiffies64,0x6c,[kernel.kallsyms]
1318,2,tick_nohz_handler,0x0,[kernel.kallsyms]
1319,2,tick_nohz_handler,0x15d,[kernel.kallsyms]
1320,2,timekeeping_update_from_shadow,0xfc,[kernel.kallsyms]
1321,2,tmigr_requires_handle_remote,0xab,[kernel.kallsyms]
1322,2,tmigr_requires_handle_remote,0xf3,[kernel.kallsyms]
1323,2,touch_atime,0x17,[kernel.kallsyms]
1324,2,uncharge_folio,0x117,[kernel.kallsyms]
1325,2,update_cfs_group,0x77,[kernel.kallsyms]
1326,2,update_curr,0xb1,[kernel.kallsyms]
1327,2,update_se,0x1f,[kernel.kallsyms]
1328,2,update_vsyscall,0xd,[kernel.kallsyms]
1329,2,update_wall_time,0x55,[kernel.kallsyms]
1330,2,vfs_write,0x32e,[kernel.kallsyms]
1331,2,xas_clear_mark,0x48,[kernel.kallsyms]
1332,2,xas_find_conflict,0xe9,[kernel.kallsyms]
1333,2,xas_load,0x54,[kernel.kallsyms]
1334,2,xas_start,0xd7,[kernel.kallsyms]
1335,2,xas_store,0x0,[kernel.kallsyms]
1336,1,AIO_IOPool_acquireJob,0xd,zstd
1337,1,AIO_IOPool_enqueueJob,0x0,zstd
1338,1,AIO_ReadPool_consumeBytes,0x4,zstd
1339,1,AIO_ReadPool_fillBuffer,0x199,zstd
1340,1,AIO_WritePool_executeWriteJob,0x23,zstd
1341,1,FIO_compressFilename_srcFile,0x438,zstd
1342,1,FIO_compressFilename_srcFile,0x571,zstd
1343,1,FIO_compressFilename_srcFile,0x58e,zstd
1344,1,FSE_buildCTable_wksp,0x27,zstd
1345,1,FSE_buildCTable_wksp,0xc2,zstd
1346,1,FSE_buildCTable_wksp,0xdb,zstd
1347,1,FSE_buildCTable_wksp,0x145,zstd
1348,1,FSE_buildCTable_wksp,0x148,zstd
1349,1,FSE_buildCTable_wksp,0x155,zstd
1350,1,FSE_buildCTable_wksp,0x195,zstd
1351,1,FSE_buildCTable_wksp,0x1a1,zstd
1352,1,FSE_buildCTable_wksp,0x1a9,zstd
1353,1,FSE_buildCTable_wksp,0x1c1,zstd
1354,1,FSE_buildCTable_wksp,0x20a,zstd
1355,1,FSE_buildCTable_wksp,0x20e,zstd
1356,1,FSE_buildCTable_wksp,0x270,zstd
1357,1,FSE_buildCTable_wksp,0x27d,zstd
1358,1,FSE_buildCTable_wksp,0x2bf,zstd
1359,1,FSE_buildCTable_wksp,0x2c6,zstd
1360,1,FSE_buildCTable_wksp,0x2cd,zstd
1361,1,FSE_buildCTable_wksp,0x2ed,zstd
1362,1,FSE_buildCTable_wksp,0x390,zstd
1363,1,FSE_buildCTable_wksp,0x393,zstd
1364,1,FSE_buildCTable_wksp,0x398,zstd
1365,1,FSE_buildCTable_wksp,0x3ae,zstd
1366,1,FSE_buildCTable_wksp,0x3bb,zstd
1367,1,FSE_buildCTable_wksp,0x3c6,zstd
1368,1,FSE_buildCTable_wksp,0x3d8,zstd
1369,1,FSE_buildCTable_wksp,0x3df,zstd
1370,1,FSE_buildCTable_wksp,0x3e2,zstd
1371,1,FSE_buildCTable_wksp,0x3fc,zstd
1372,1,FSE_compress_usingCTable,0x15,zstd
1373,1,FSE_compress_usingCTable_generic,0x265,zstd
1374,1,FSE_compress_usingCTable_generic,0x2eb,zstd
1375,1,FSE_compress_usingCTable_generic,0x2f9,zstd
1376,1,FSE_compress_usingCTable_generic,0x300,zstd
1377,1,FSE_compress_usingCTable_generic,0x30b,zstd
1378,1,FSE_compress_usingCTable_generic,0x313,zstd
1379,1,FSE_compress_usingCTable_generic,0x324,zstd
1380,1,FSE_compress_usingCTable_generic,0x349,zstd
1381,1,FSE_compress_usingCTable_generic,0x351,zstd
1382,1,FSE_compress_usingCTable_generic,0x358,zstd
1383,1,FSE_compress_usingCTable_generic,0x368,zstd
1384,1,FSE_compress_usingCTable_generic,0x36b,zstd
1385,1,FSE_compress_usingCTable_generic,0x374,zstd
1386,1,FSE_compress_usingCTable_generic,0x3aa,zstd
1387,1,FSE_compress_usingCTable_generic,0x3b2,zstd
1388,1,FSE_compress_usingCTable_generic,0x3c2,zstd
1389,1,FSE_compress_usingCTable_generic,0x3c8,zstd
1390,1,FSE_compress_usingCTable_generic,0x3ce,zstd
1391,1,FSE_compress_usingCTable_generic,0x3e6,zstd
1392,1,FSE_compress_usingCTable_generic,0x3e9,zstd
1393,1,FSE_compress_usingCTable_generic,0x42e,zstd
1394,1,FSE_compress_usingCTable_generic,0x44e,zstd
1395,1,FSE_compress_usingCTable_generic,0x47f,zstd
1396,1,FSE_normalizeCount,0x57,zstd
1397,1,FSE_normalizeCount,0x73,zstd
1398,1,FSE_normalizeCount,0xda,zstd
1399,1,FSE_normalizeCount,0xf0,zstd
1400,1,FSE_normalizeCount,0xfa,zstd
1401,1,FSE_normalizeCount,0xfd,zstd
1402,1,FSE_normalizeCount,0x10a,zstd
1403,1,FSE_normalizeCount,0x119,zstd
1404,1,FSE_normalizeCount,0x129,zstd
1405,1,FSE_normalizeCount,0x132,zstd
1406,1,FSE_normalizeCount,0x152,zstd
1407,1,FSE_normalizeCount,0x236,zstd
1408,1,FSE_writeNCount,0x19,zstd
1409,1,FSE_writeNCount_generic,0x0,zstd
1410,1,FSE_writeNCount_generic,0x2e,zstd
1411,1,FSE_writeNCount_generic,0x83,zstd
1412,1,FSE_writeNCount_generic,0x87,zstd
1413,1,FSE_writeNCount_generic,0x8a,zstd
1414,1,FSE_writeNCount_generic,0x95,zstd
1415,1,FSE_writeNCount_generic,0xb3,zstd
1416,1,FSE_writeNCount_generic,0xca,zstd
1417,1,FSE_writeNCount_generic,0xee,zstd
1418,1,FSE_writeNCount_generic,0xfb,zstd
1419,1,FSE_writeNCount_generic,0x101,zstd
1420,1,FSE_writeNCount_generic,0x140,zstd
1421,1,FSE_writeNCount_generic,0x14d,zstd
1422,1,FSE_writeNCount_generic,0x151,zstd
1423,1,FSE_writeNCount_generic,0x153,zstd
1424,1,FSE_writeNCount_generic,0x1c0,zstd
1425,1,FSE_writeNCount_generic,0x27b,zstd
1426,1,FSE_writeNCount_generic,0x27e,zstd
1427,1,HIST_count_parallel_wksp,0x7c,zstd
1428,1,HIST_count_parallel_wksp,0x8d,zstd
1429,1,HIST_count_parallel_wksp,0x15d,zstd
1430,1,HIST_count_parallel_wksp,0x180,zstd
1431,1,HIST_count_parallel_wksp,0x187,zstd
1432,1,HIST_count_parallel_wksp,0x1d0,zstd
1433,1,HIST_count_parallel_wksp,0x1e0,zstd
1434,1,HIST_count_parallel_wksp,0x1f0,zstd
1435,1,HIST_count_parallel_wksp,0x204,zstd
1436,1,HIST_count_parallel_wksp,0x21c,zstd
1437,1,HIST_count_parallel_wksp,0x246,zstd
1438,1,HIST_count_simple,0x6d,zstd
1439,1,HUF_buildCTable_wksp,0x28,zstd
1440,1,HUF_buildCTable_wksp,0x190,zstd
1441,1,HUF_buildCTable_wksp,0x1a0,zstd
1442,1,HUF_buildCTable_wksp,0x1b0,zstd
1443,1,HUF_buildCTable_wksp,0x1eb,zstd
1444,1,HUF_buildCTable_wksp,0x209,zstd
1445,1,HUF_buildCTable_wksp,0x260,zstd
1446,1,HUF_buildCTable_wksp,0x300,zstd
1447,1,HUF_buildCTable_wksp,0x316,zstd
1448,1,HUF_buildCTable_wksp,0x356,zstd
1449,1,HUF_buildCTable_wksp,0x360,zstd
1450,1,HUF_buildCTable_wksp,0x37c,zstd
1451,1,HUF_buildCTable_wksp,0x393,zstd
1452,1,HUF_buildCTable_wksp,0x39c,zstd
1453,1,HUF_buildCTable_wksp,0x3ac,zstd
1454,1,HUF_buildCTable_wksp,0x3c8,zstd
1455,1,HUF_buildCTable_wksp,0x3ca,zstd
1456,1,HUF_buildCTable_wksp,0x3e2,zstd
1457,1,HUF_buildCTable_wksp,0x400,zstd
1458,1,HUF_buildCTable_wksp,0x440,zstd
1459,1,HUF_buildCTable_wksp,0x447,zstd
1460,1,HUF_buildCTable_wksp,0x4f7,zstd
1461,1,HUF_buildCTable_wksp,0x5a8,zstd
1462,1,HUF_buildCTable_wksp,0x5ad,zstd
1463,1,HUF_buildCTable_wksp,0x5c0,zstd
1464,1,HUF_buildCTable_wksp,0x701,zstd
1465,1,HUF_buildCTable_wksp,0x79e,zstd
1466,1,HUF_buildCTable_wksp,0x7c0,zstd
1467,1,HUF_buildCTable_wksp,0x7de,zstd
1468,1,HUF_buildCTable_wksp,0x820,zstd
1469,1,HUF_buildCTable_wksp,0x823,zstd
1470,1,HUF_buildCTable_wksp,0x843,zstd
1471,1,HUF_buildCTable_wksp,0x84d,zstd
1472,1,HUF_buildCTable_wksp,0x875,zstd
1473,1,HUF_buildCTable_wksp,0x8ac,zstd
1474,1,HUF_buildCTable_wksp,0x905,zstd
1475,1,HUF_compress1X_usingCTable_internal.isra.0,0x4,zstd
1476,1,HUF_compress1X_usingCTable_internal.isra.0,0x31,zstd
1477,1,HUF_compress1X_usingCTable_internal.isra.0,0x313,zstd
1478,1,HUF_compress1X_usingCTable_internal.isra.0,0x3d8,zstd
1479,1,HUF_compress1X_usingCTable_internal.isra.0,0x3f5,zstd
1480,1,HUF_compress1X_usingCTable_internal.isra.0,0x3fa,zstd
1481,1,HUF_compress1X_usingCTable_internal.isra.0,0x408,zstd
1482,1,HUF_compress1X_usingCTable_internal.isra.0,0x40b,zstd
1483,1,HUF_compress1X_usingCTable_internal.isra.0,0x40e,zstd
1484,1,HUF_compress1X_usingCTable_internal.isra.0,0x417,zstd
1485,1,HUF_compress1X_usingCTable_internal.isra.0,0x428,zstd
1486,1,HUF_compress1X_usingCTable_internal.isra.0,0x42b,zstd
1487,1,HUF_compress1X_usingCTable_internal.isra.0,0x42e,zstd
1488,1,HUF_compress1X_usingCTable_internal.isra.0,0x431,zstd
1489,1,HUF_compress1X_usingCTable_internal.isra.0,0x455,zstd
1490,1,HUF_compress1X_usingCTable_internal.isra.0,0x45a,zstd
1491,1,HUF_compress1X_usingCTable_internal.isra.0,0x46a,zstd
1492,1,HUF_compress1X_usingCTable_internal.isra.0,0x46e,zstd
1493,1,HUF_compress1X_usingCTable_internal.isra.0,0x480,zstd
1494,1,HUF_compress1X_usingCTable_internal.isra.0,0x48c,zstd
1495,1,HUF_compress1X_usingCTable_internal.isra.0,0x494,zstd
1496,1,HUF_compress1X_usingCTable_internal.isra.0,0x4b6,zstd
1497,1,HUF_compress1X_usingCTable_internal.isra.0,0x5c7,zstd
1498,1,HUF_compress1X_usingCTable_internal.isra.0,0x5f9,zstd
1499,1,HUF_compress1X_usingCTable_internal.isra.0,0x5fd,zstd
1500,1,HUF_compress1X_usingCTable_internal.isra.0,0x615,zstd
1501,1,HUF_compress1X_usingCTable_internal.isra.0,0x61a,zstd
1502,1,HUF_compress1X_usingCTable_internal.isra.0,0x62d,zstd
1503,1,HUF_compress1X_usingCTable_internal.isra.0,0x630,zstd
1504,1,HUF_compress1X_usingCTable_internal.isra.0,0x636,zstd
1505,1,HUF_compress1X_usingCTable_internal.isra.0,0x674,zstd
1506,1,HUF_compress1X_usingCTable_internal.isra.0,0x681,zstd
1507,1,HUF_compress1X_usingCTable_internal.isra.0,0x684,zstd
1508,1,HUF_compress1X_usingCTable_internal.isra.0,0x688,zstd
1509,1,HUF_compress1X_usingCTable_internal.isra.0,0x68d,zstd
1510,1,HUF_compress1X_usingCTable_internal.isra.0,0x69b,zstd
1511,1,HUF_compress1X_usingCTable_internal.isra.0,0x7ef,zstd
1512,1,HUF_compress1X_usingCTable_internal.isra.0,0x853,zstd
1513,1,HUF_compress1X_usingCTable_internal.isra.0,0x877,zstd
1514,1,HUF_compress1X_usingCTable_internal.isra.0,0xae8,zstd
1515,1,HUF_compress1X_usingCTable_internal.isra.0,0xb40,zstd
1516,1,HUF_compress1X_usingCTable_internal.isra.0,0xb44,zstd
1517,1,HUF_compress1X_usingCTable_internal.isra.0,0xb4a,zstd
1518,1,HUF_compress1X_usingCTable_internal.isra.0,0xbf4,zstd
1519,1,HUF_compress1X_usingCTable_internal.isra.0,0xbf7,zstd
1520,1,HUF_compress1X_usingCTable_internal.isra.0,0xc3b,zstd
1521,1,HUF_compress1X_usingCTable_internal.isra.0,0xc73,zstd
1522,1,HUF_compress1X_usingCTable_internal.isra.0,0xe80,zstd
1523,1,HUF_compress1X_usingCTable_internal.isra.0,0xebc,zstd
1524,1,HUF_compress4X_usingCTable_internal.isra.0,0x120,zstd
1525,1,HUF_compressCTable_internal.isra.0,0x0,zstd
1526,1,HUF_compress_internal,0x158,zstd
1527,1,HUF_compress_internal,0x1e1,zstd
1528,1,HUF_compress_internal,0x28d,zstd
1529,1,HUF_compress_internal,0x2c0,zstd
1530,1,HUF_compress_internal,0x2cd,zstd
1531,1,HUF_compress_internal,0x2d5,zstd
1532,1,HUF_compress_internal,0x305,zstd
1533,1,HUF_compress_internal,0x375,zstd
1534,1,HUF_compress_internal,0x4e4,zstd
1535,1,HUF_compress_internal,0x4ee,zstd
1536,1,HUF_compress_internal,0x4fa,zstd
1537,1,HUF_compress_internal,0x541,zstd
1538,1,HUF_compress_internal,0x562,zstd
1539,1,HUF_optimalTableLog,0x1a5,zstd
1540,1,HUF_simpleQuickSort,0x0,zstd
1541,1,HUF_simpleQuickSort,0x5,zstd
1542,1,HUF_simpleQuickSort,0x7,zstd
1543,1,HUF_simpleQuickSort,0x9,zstd
1544,1,HUF_simpleQuickSort,0xf,zstd
1545,1,HUF_simpleQuickSort,0x1b,zstd
1546,1,HUF_simpleQuickSort,0x8d,zstd
1547,1,HUF_simpleQuickSort,0x92,zstd
1548,1,HUF_simpleQuickSort,0x95,zstd
1549,1,HUF_simpleQuickSort,0xa4,zstd
1550,1,HUF_simpleQuickSort,0xc4,zstd
1551,1,HUF_simpleQuickSort,0xda,zstd
1552,1,HUF_simpleQuickSort,0x11d,zstd
1553,1,HUF_simpleQuickSort,0x140,zstd
1554,1,HUF_simpleQuickSort,0x163,zstd
1555,1,HUF_simpleQuickSort,0x165,zstd
1556,1,HUF_simpleQuickSort,0x180,zstd
1557,1,HUF_simpleQuickSort,0x195,zstd
1558,1,HUF_writeCTable_wksp,0x13e,zstd
1559,1,HUF_writeCTable_wksp,0x14a,zstd
1560,1,HUF_writeCTable_wksp,0x2cc,zstd
1561,1,HUF_writeCTable_wksp,0x3a0,zstd
1562,1,ZSTD_XXH64_update,0xa8,zstd
1563,1,ZSTD_XXH64_update,0xb7,zstd
1564,1,ZSTD_buildCTable,0xbe,zstd
1565,1,ZSTD_buildCTable,0x17b,zstd
1566,1,ZSTD_buildSeqStore,0xd8,zstd
1567,1,ZSTD_buildSeqStore,0x3c4,zstd
1568,1,ZSTD_buildSequencesStatistics,0xb,zstd
1569,1,ZSTD_buildSequencesStatistics,0x118,zstd
1570,1,ZSTD_buildSequencesStatistics,0x2e5,zstd
1571,1,ZSTD_compressBlock_doubleFast,0xad5,zstd
1572,1,ZSTD_compressBlock_doubleFast,0xafc,zstd
1573,1,ZSTD_compressBlock_doubleFast,0xb36,zstd
1574,1,ZSTD_compressBlock_doubleFast,0xb88,zstd
1575,1,ZSTD_compressBlock_doubleFast,0xbb3,zstd
1576,1,ZSTD_compressBlock_doubleFast,0xc2e,zstd
1577,1,ZSTD_compressBlock_doubleFast,0xc3c,zstd
1578,1,ZSTD_compressBlock_doubleFast,0xc45,zstd
1579,1,ZSTD_compressBlock_doubleFast,0xc67,zstd
1580,1,ZSTD_compressBlock_doubleFast,0xc88,zstd
1581,1,ZSTD_compressBlock_doubleFast,0xc8d,zstd
1582,1,ZSTD_compressBlock_doubleFast,0xc95,zstd
1583,1,ZSTD_compressBlock_doubleFast,0xc98,zstd
1584,1,ZSTD_compressBlock_doubleFast,0xca4,zstd
1585,1,ZSTD_compressBlock_doubleFast,0xcde,zstd
1586,1,ZSTD_compressBlock_doubleFast,0xce4,zstd
1587,1,ZSTD_compressBlock_doubleFast,0xd0a,zstd
1588,1,ZSTD_compressBlock_doubleFast,0x117f,zstd
1589,1,ZSTD_compressBlock_doubleFast,0x12b6,zstd
1590,1,ZSTD_compressBlock_doubleFast,0x12c1,zstd
1591,1,ZSTD_compressBlock_doubleFast,0x1350,zstd
1592,1,ZSTD_compressBlock_doubleFast,0x1361,zstd
1593,1,ZSTD_compressBlock_doubleFast,0x1366,zstd
1594,1,ZSTD_compressBlock_doubleFast,0x1387,zstd
1595,1,ZSTD_compressBlock_doubleFast,0x1393,zstd
1596,1,ZSTD_compressBlock_doubleFast,0x13a3,zstd
1597,1,ZSTD_compressBlock_doubleFast,0x13ba,zstd
1598,1,ZSTD_compressBlock_doubleFast,0x19d7,zstd
1599,1,ZSTD_compressBlock_doubleFast,0x19dc,zstd
1600,1,ZSTD_compressBlock_doubleFast,0x1ca7,zstd
1601,1,ZSTD_compressBlock_doubleFast,0x1cb3,zstd
1602,1,ZSTD_compressBlock_doubleFast,0x1cba,zstd
1603,1,ZSTD_compressBlock_doubleFast,0x1d1f,zstd
1604,1,ZSTD_compressBlock_doubleFast,0x1e6d,zstd
1605,1,ZSTD_compressBlock_doubleFast,0x2080,zstd
1606,1,ZSTD_compressBlock_doubleFast,0x229c,zstd
1607,1,ZSTD_compressBlock_doubleFast,0x22af,zstd
1608,1,ZSTD_compressBlock_doubleFast,0x22b7,zstd
1609,1,ZSTD_compressBlock_doubleFast,0x243c,zstd
1610,1,ZSTD_compressBlock_doubleFast,0x244b,zstd
1611,1,ZSTD_compressBlock_doubleFast,0x244e,zstd
1612,1,ZSTD_compressBlock_doubleFast,0x24e2,zstd
1613,1,ZSTD_compressBlock_doubleFast,0x24e5,zstd
1614,1,ZSTD_compressBlock_doubleFast,0x2501,zstd
1615,1,ZSTD_compressBlock_doubleFast,0x250e,zstd
1616,1,ZSTD_compressBlock_doubleFast,0x2519,zstd
1617,1,ZSTD_compressBlock_doubleFast,0x252c,zstd
1618,1,ZSTD_compressBlock_doubleFast,0x257a,zstd
1619,1,ZSTD_compressBlock_doubleFast,0x2598,zstd
1620,1,ZSTD_compressBlock_doubleFast,0x25a3,zstd
1621,1,ZSTD_compressBlock_doubleFast,0x25a6,zstd
1622,1,ZSTD_compressBlock_doubleFast,0x25b3,zstd
1623,1,ZSTD_compressBlock_doubleFast,0x25d1,zstd
1624,1,ZSTD_compressBlock_doubleFast,0x25e7,zstd
1625,1,ZSTD_compressBlock_doubleFast,0x262d,zstd
1626,1,ZSTD_compressBlock_doubleFast,0x2649,zstd
1627,1,ZSTD_compressBlock_doubleFast,0x267d,zstd
1628,1,ZSTD_compressBlock_doubleFast,0x2c18,zstd
1629,1,ZSTD_compressBlock_doubleFast,0x2c43,zstd
1630,1,ZSTD_compressBlock_doubleFast,0x2c47,zstd
1631,1,ZSTD_compressBlock_doubleFast,0x2d40,zstd
1632,1,ZSTD_compressBlock_doubleFast,0x2fd8,zstd
1633,1,ZSTD_compressBlock_doubleFast,0x2ff1,zstd
1634,1,ZSTD_compressBlock_doubleFast,0x2ff9,zstd
1635,1,ZSTD_compressBlock_doubleFast,0x2fff,zstd
1636,1,ZSTD_compressBlock_doubleFast,0x3009,zstd
1637,1,ZSTD_compressBlock_doubleFast,0x3011,zstd
1638,1,ZSTD_compressBlock_doubleFast,0x3014,zstd
1639,1,ZSTD_compressBlock_doubleFast,0x3339,zstd
1640,1,ZSTD_compressBlock_doubleFast,0x3378,zstd
1641,1,ZSTD_compressBlock_doubleFast,0x3418,zstd
1642,1,ZSTD_compressBlock_doubleFast_extDict_generic,0xbf,zstd
1643,1,ZSTD_compressBlock_doubleFast_extDict_generic,0x246,zstd
1644,1,ZSTD_compressBlock_doubleFast_extDict_generic,0x253,zstd
1645,1,ZSTD_compressBlock_doubleFast_extDict_generic,0x256,zstd
1646,1,ZSTD_compressBlock_doubleFast_extDict_generic,0x2be,zstd
1647,1,ZSTD_compressBlock_doubleFast_extDict_generic,0x2d0,zstd
1648,1,ZSTD_compressBlock_doubleFast_extDict_generic,0x2d4,zstd
1649,1,ZSTD_compressBlock_doubleFast_extDict_generic,0x2e5,zstd
1650,1,ZSTD_compressBlock_doubleFast_extDict_generic,0x374,zstd
1651,1,ZSTD_compressBlock_doubleFast_extDict_generic,0x445,zstd
1652,1,ZSTD_compressBlock_doubleFast_extDict_generic,0x4c4,zstd
1653,1,ZSTD_compressBlock_doubleFast_extDict_generic,0x5d8,zstd
1654,1,ZSTD_compressBlock_doubleFast_extDict_generic,0x603,zstd
1655,1,ZSTD_compressBlock_doubleFast_extDict_generic,0x645,zstd
1656,1,ZSTD_compressBlock_doubleFast_extDict_generic,0x667,zstd
1657,1,ZSTD_compressBlock_doubleFast_extDict_generic,0x686,zstd
1658,1,ZSTD_compressBlock_doubleFast_extDict_generic,0x712,zstd
1659,1,ZSTD_compressBlock_doubleFast_extDict_generic,0x727,zstd
1660,1,ZSTD_compressBlock_doubleFast_extDict_generic,0x76e,zstd
1661,1,ZSTD_compressBlock_doubleFast_extDict_generic,0x780,zstd
1662,1,ZSTD_compressBlock_doubleFast_extDict_generic,0x7db,zstd
1663,1,ZSTD_compressBlock_doubleFast_extDict_generic,0x80c,zstd
1664,1,ZSTD_compressBlock_doubleFast_extDict_generic,0x84e,zstd
1665,1,ZSTD_compressBlock_doubleFast_extDict_generic,0x852,zstd
1666,1,ZSTD_compressBlock_doubleFast_extDict_generic,0x88b,zstd
1667,1,ZSTD_compressBlock_doubleFast_extDict_generic,0x894,zstd
1668,1,ZSTD_compressBlock_doubleFast_extDict_generic,0x8ae,zstd
1669,1,ZSTD_compressBlock_doubleFast_extDict_generic,0x8f0,zstd
1670,1,ZSTD_compressBlock_doubleFast_extDict_generic,0x8f7,zstd
1671,1,ZSTD_compressBlock_doubleFast_extDict_generic,0x900,zstd
1672,1,ZSTD_compressBlock_doubleFast_extDict_generic,0x90e,zstd
1673,1,ZSTD_compressBlock_doubleFast_extDict_generic,0x9ac,zstd
1674,1,ZSTD_compressBlock_doubleFast_extDict_generic,0x9b0,zstd
1675,1,ZSTD_compressBlock_doubleFast_extDict_generic,0xa1d,zstd
1676,1,ZSTD_compressBlock_doubleFast_extDict_generic,0xa51,zstd
1677,1,ZSTD_compressBlock_doubleFast_extDict_generic,0xa72,zstd
1678,1,ZSTD_compressBlock_doubleFast_extDict_generic,0xa86,zstd
1679,1,ZSTD_compressBlock_doubleFast_extDict_generic,0xb3e,zstd
1680,1,ZSTD_compressBlock_doubleFast_extDict_generic,0xb48,zstd
1681,1,ZSTD_compressBlock_doubleFast_extDict_generic,0xb51,zstd
1682,1,ZSTD_compressBlock_internal,0xd8,zstd
1683,1,ZSTD_compressContinue_internal,0x7b,zstd
1684,1,ZSTD_compressContinue_internal,0x1f9,zstd
1685,1,ZSTD_compressContinue_internal,0x2c4,zstd
1686,1,ZSTD_compressContinue_internal,0x301,zstd
1687,1,ZSTD_compressContinue_internal,0x34d,zstd
1688,1,ZSTD_compressContinue_internal,0x3bf,zstd
1689,1,ZSTD_compressContinue_internal,0x3db,zstd
1690,1,ZSTD_compressContinue_internal,0x480,zstd
1691,1,ZSTD_compressContinue_internal,0x520,zstd
1692,1,ZSTD_compressLiterals,0x22,zstd
1693,1,ZSTD_compressLiterals,0x19f,zstd
1694,1,ZSTD_compressLiterals,0x1d7,zstd
1695,1,ZSTD_compressLiterals,0x290,zstd
1696,1,ZSTD_compressStream2,0x45,zstd
1697,1,ZSTD_compressStream2,0xe0,zstd
1698,1,ZSTD_compressStream2,0x1af,zstd
1699,1,ZSTD_compressStream2,0x4ea,zstd
1700,1,ZSTD_compressStream2,0x898,zstd
1701,1,ZSTD_count_2segments,0xd0,zstd
1702,1,ZSTD_count_2segments,0x1e1,zstd
1703,1,ZSTD_encodeSequences,0x0,zstd
1704,1,ZSTD_encodeSequences,0x1c1,zstd
1705,1,ZSTD_encodeSequences,0x1dd,zstd
1706,1,ZSTD_encodeSequences,0x460,zstd
1707,1,ZSTD_encodeSequences,0x488,zstd
1708,1,ZSTD_encodeSequences,0x567,zstd
1709,1,ZSTD_entropyCompressSeqStore_internal,0xbd,zstd
1710,1,ZSTD_entropyCompressSeqStore_internal,0x100,zstd
1711,1,ZSTD_entropyCompressSeqStore_internal,0x308,zstd
1712,1,ZSTD_isRLE,0x8,zstd
1713,1,ZSTD_recordFingerprint_43,0x4,zstd
1714,1,ZSTD_recordFingerprint_43,0x6e,zstd
1715,1,ZSTD_recordFingerprint_43,0x84,zstd
1716,1,ZSTD_seqToCodes,0x63,zstd
1717,1,ZSTD_seqToCodes,0x7a,zstd
1718,1,ZSTD_splitBlock,0x15c,zstd
1719,1,ZSTD_splitBlock,0x175,zstd
1720,1,ZSTD_splitBlock,0x180,zstd
1721,1,ZSTD_splitBlock,0x1a0,zstd
1722,1,ZSTD_splitBlock,0x1bd,zstd
1723,1,_IO_do_write@@GLIBC_2.2.5,0x0,libc.so.6
1724,1,_IO_do_write@@GLIBC_2.2.5,0x96,libc.so.6
1725,1,_IO_do_write@@GLIBC_2.2.5,0xbd,libc.so.6
1726,1,_IO_do_write@@GLIBC_2.2.5,0xf4,libc.so.6
1727,1,_IO_file_write@@GLIBC_2.2.5,0x79,libc.so.6
1728,1,_IO_file_xsgetn,0x1f,libc.so.6
1729,1,_IO_file_xsgetn,0xe5,libc.so.6
1730,1,_IO_file_xsputn@@GLIBC_2.2.5,0x0,libc.so.6
1731,1,_IO_file_xsputn@@GLIBC_2.2.5,0xa,libc.so.6
1732,1,_IO_file_xsputn@@GLIBC_2.2.5,0xa8,libc.so.6
1733,1,_IO_file_xsputn@@GLIBC_2.2.5,0xb3,libc.so.6
1734,1,_IO_file_xsputn@@GLIBC_2.2.5,0xc4,libc.so.6
1735,1,_IO_fread,0x2f,libc.so.6
1736,1,_IO_fwrite,0x21a,libc.so.6
1737,1,_IO_sgetn,0x21,libc.so.6
1738,1,_IO_unsave_markers,0x13,libc.so.6
1739,1,__GI___libc_write,0x1e,libc.so.6
1740,1,__alloc_frozen_pages_noprof,0x0,[kernel.kallsyms]
1741,1,__alloc_frozen_pages_noprof,0x9,[kernel.kallsyms]
1742,1,__alloc_frozen_pages_noprof,0x9a,[kernel.kallsyms]
1743,1,__alloc_frozen_pages_noprof,0x9f,[kernel.kallsyms]
1744,1,__alloc_frozen_pages_noprof,0xa5,[kernel.kallsyms]
1745,1,__alloc_frozen_pages_noprof,0xcb,[kernel.kallsyms]
1746,1,__alloc_frozen_pages_noprof,0x20d,[kernel.kallsyms]
1747,1,__alloc_frozen_pages_noprof,0x2b5,[kernel.kallsyms]
1748,1,__call_rcu_common,0x7e,[kernel.kallsyms]
1749,1,__css_rstat_updated,0x0,[kernel.kallsyms]
1750,1,__css_rstat_updated,0x44,[kernel.kallsyms]
1751,1,__css_rstat_updated,0x4c,[kernel.kallsyms]
1752,1,__css_rstat_updated,0x52,[kernel.kallsyms]
1753,1,__css_rstat_updated,0x106,[kernel.kallsyms]
1754,1,__dequeue_entity,0x569,[kernel.kallsyms]
1755,1,__dev_queue_xmit,0x113,[kernel.kallsyms]
1756,1,__dquot_alloc_space,0xb,[kernel.kallsyms]
1757,1,__dquot_alloc_space,0x10,[kernel.kallsyms]
1758,1,__dquot_alloc_space,0x56,[kernel.kallsyms]
1759,1,__dquot_alloc_space,0x8d,[kernel.kallsyms]
1760,1,__dquot_alloc_space,0xaa,[kernel.kallsyms]
1761,1,__dquot_alloc_space,0x18a,[kernel.kallsyms]
1762,1,__dquot_alloc_space,0x19d,[kernel.kallsyms]
1763,1,__dquot_alloc_space,0x1b5,[kernel.kallsyms]
1764,1,__dquot_alloc_space,0x1fa,[kernel.kallsyms]
1765,1,__dquot_alloc_space,0x22c,[kernel.kallsyms]
1766,1,__enqueue_entity,0x18d,[kernel.kallsyms]
1767,1,__filemap_remove_folio,0x67,[kernel.kallsyms]
1768,1,__filemap_remove_folio,0x130,[kernel.kallsyms]
1769,1,__filemap_remove_folio,0x145,[kernel.kallsyms]
1770,1,__folio_batch_add_and_move,0xab,[kernel.kallsyms]
1771,1,__folio_batch_add_and_move,0xb6,[kernel.kallsyms]
1772,1,__folio_cancel_dirty,0x18,[kernel.kallsyms]
1773,1,__free_one_page,0x1b5,[kernel.kallsyms]
1774,1,__free_one_page,0x1c3,[kernel.kallsyms]
1775,1,__free_one_page,0x293,[kernel.kallsyms]
1776,1,__free_one_page,0x2a6,[kernel.kallsyms]
1777,1,__free_one_page,0x52a,[kernel.kallsyms]
1778,1,__free_one_page,0x53e,[kernel.kallsyms]
1779,1,__fsnotify_parent,0x5d,[kernel.kallsyms]
1780,1,__hrtimer_next_event_base,0x6,[kernel.kallsyms]
1781,1,__hrtimer_next_event_base,0xbb,[kernel.kallsyms]
1782,1,__hrtimer_next_event_base,0xd1,[kernel.kallsyms]
1783,1,__hrtimer_next_event_base,0xdd,[kernel.kallsyms]
1784,1,__hrtimer_run_queues,0x3b,[kernel.kallsyms]
1785,1,__hrtimer_run_queues,0x3e,[kernel.kallsyms]
1786,1,__hrtimer_run_queues,0xdd,[kernel.kallsyms]
1787,1,__irq_exit_rcu,0xf,[kernel.kallsyms]
1788,1,__irq_exit_rcu,0x40,[kernel.kallsyms]
1789,1,__irq_exit_rcu,0xf7,[kernel.kallsyms]
1790,1,__irqentry_text_end,0x0,[kernel.kallsyms]
1791,1,__kmalloc_noprof,0xe8,[kernel.kallsyms]
1792,1,__kmalloc_noprof,0x141,[kernel.kallsyms]
1793,1,__kmalloc_noprof,0x19a,[kernel.kallsyms]
1794,1,__kmalloc_noprof,0x4b0,[kernel.kallsyms]
1795,1,__mark_inode_dirty,0x48,[kernel.kallsyms]
1796,1,__mark_inode_dirty,0xd7,[kernel.kallsyms]
1797,1,__memcg_slab_free_hook,0x5,[kernel.kallsyms]
1798,1,__memcg_slab_free_hook,0xb0,[kernel.kallsyms]
1799,1,__memcg_slab_free_hook,0xfd,[kernel.kallsyms]
1800,1,__memcg_slab_post_alloc_hook,0x1f9,[kernel.kallsyms]
1801,1,__memcg_slab_post_alloc_hook,0x24f,[kernel.kallsyms]
1802,1,__memcg_slab_post_alloc_hook,0x267,[kernel.kallsyms]
1803,1,__memmove_avx_unaligned_erms,0x0,libc.so.6
1804,1,__memmove_avx_unaligned_erms,0x11,libc.so.6
1805,1,__memmove_avx_unaligned_erms,0x30,libc.so.6
1806,1,__memmove_avx_unaligned_erms,0x55,libc.so.6
1807,1,__memmove_avx_unaligned_erms,0x144,libc.so.6
1808,1,__memmove_avx_unaligned_erms,0x16b,libc.so.6
1809,1,__memmove_avx_unaligned_erms,0x1a9,libc.so.6
1810,1,__memmove_avx_unaligned_erms,0x1ae,libc.so.6
1811,1,__memmove_avx_unaligned_erms,0x1ca,libc.so.6
1812,1,__memmove_avx_unaligned_erms,0x1d1,libc.so.6
1813,1,__memmove_avx_unaligned_erms,0x2c0,libc.so.6
1814,1,__mempcpy@plt,0x0,libc.so.6
1815,1,__mempcpy@plt,0x4,libc.so.6
1816,1,__memset_avx2_unaligned_erms,0x40,libc.so.6
1817,1,__memset_avx2_unaligned_erms,0x4d,libc.so.6
1818,1,__mod_zone_page_state,0xe,[kernel.kallsyms]
1819,1,__mod_zone_page_state,0x26,[kernel.kallsyms]
1820,1,__mod_zone_page_state,0x3c,[kernel.kallsyms]
1821,1,__next_zones_zonelist,0x10,[kernel.kallsyms]
1822,1,__next_zones_zonelist,0x1e,[kernel.kallsyms]
1823,1,__nr_to_section,0x2f,[kernel.kallsyms]
1824,1,__nr_to_section,0x49,[kernel.kallsyms]
1825,1,__page_cache_release.part.0,0x5,[kernel.kallsyms]
1826,1,__page_cache_release.part.0,0x3d,[kernel.kallsyms]
1827,1,__page_cache_release.part.0,0x8a,[kernel.kallsyms]
1828,1,__page_cache_release.part.0,0x9a,[kernel.kallsyms]
1829,1,__page_cache_release.part.0,0x169,[kernel.kallsyms]
1830,1,__page_cache_release.part.0,0x1f9,[kernel.kallsyms]
1831,1,__percpu_counter_limited_add,0x9,[kernel.kallsyms]
1832,1,__percpu_counter_limited_add,0x22,[kernel.kallsyms]
1833,1,__percpu_counter_limited_add,0x26,[kernel.kallsyms]
1834,1,__percpu_counter_limited_add,0x54,[kernel.kallsyms]
1835,1,__percpu_counter_limited_add,0x5d,[kernel.kallsyms]
1836,1,__percpu_counter_limited_add,0x11f,[kernel.kallsyms]
1837,1,__percpu_counter_limited_add,0x1c1,[kernel.kallsyms]
1838,1,__queue_work,0x16,[kernel.kallsyms]
1839,1,__raw_spin_lock_irqsave,0xa,[kernel.kallsyms]
1840,1,__raw_spin_lock_irqsave,0x3c,[kernel.kallsyms]
1841,1,__rcu_read_lock,0x5,[kernel.kallsyms]
1842,1,__rcu_read_unlock,0x22,[kernel.kallsyms]
1843,1,__remove_hrtimer,0x5,[kernel.kallsyms]
1844,1,__rmqueue_pcplist,0x0,[kernel.kallsyms]
1845,1,__rmqueue_pcplist,0x49,[kernel.kallsyms]
1846,1,__rmqueue_pcplist,0x98,[kernel.kallsyms]
1847,1,__rmqueue_pcplist,0x113,[kernel.kallsyms]
1848,1,__smp_call_single_queue,0x113,[kernel.kallsyms]
1849,1,__srcu_read_lock,0x1b,[kernel.kallsyms]
1850,1,__srcu_read_unlock,0xd,[kernel.kallsyms]
1851,1,__srcu_read_unlock,0x24,[kernel.kallsyms]
1852,1,__srcu_read_unlock,0x2b,[kernel.kallsyms]
1853,1,__syscall_cancel,0xa4,libc.so.6
1854,1,__sysvec_apic_timer_interrupt,0xe,[kernel.kallsyms]
1855,1,__timekeeping_advance,0x9,[kernel.kallsyms]
1856,1,__timekeeping_advance,0x260,[kernel.kallsyms]
1857,1,__timekeeping_advance,0x2b2,[kernel.kallsyms]
1858,1,__timekeeping_advance,0x32c,[kernel.kallsyms]
1859,1,__timekeeping_advance,0x33b,[kernel.kallsyms]
1860,1,__timekeeping_advance,0x399,[kernel.kallsyms]
1861,1,__update_load_avg_cfs_rq,0x39,[kernel.kallsyms]
1862,1,__update_load_avg_cfs_rq,0x120,[kernel.kallsyms]
1863,1,__update_load_avg_cfs_rq,0x133,[kernel.kallsyms]
1864,1,__update_load_avg_cfs_rq,0x222,[kernel.kallsyms]
1865,1,__update_load_avg_cfs_rq,0x2ff,[kernel.kallsyms]
1866,1,__update_load_avg_se,0x6f,[kernel.kallsyms]
1867,1,__update_load_avg_se,0x78,[kernel.kallsyms]
1868,1,__update_load_avg_se,0x123,[kernel.kallsyms]
1869,1,__update_load_avg_se,0x150,[kernel.kallsyms]
1870,1,__update_load_avg_se,0x243,[kernel.kallsyms]
1871,1,__vm_enough_memory,0x9,[kernel.kallsyms]
1872,1,__vm_enough_memory,0x22,[kernel.kallsyms]
1873,1,__vm_enough_memory,0x41,[kernel.kallsyms]
1874,1,__xas_next,0xfd,[kernel.kallsyms]
1875,1,_copy_to_iter,0xe,[kernel.kallsyms]
1876,1,_copy_to_iter,0x27,[kernel.kallsyms]
1877,1,_copy_to_iter,0x40,[kernel.kallsyms]
1878,1,_copy_to_iter,0x8b,[kernel.kallsyms]
1879,1,_copy_to_iter,0xc4,[kernel.kallsyms]
1880,1,_copy_to_iter,0xd2,[kernel.kallsyms]
1881,1,_copy_to_iter,0xe1,[kernel.kallsyms]
1882,1,_copy_to_iter,0xec,[kernel.kallsyms]
1883,1,_dl_start_user,0x0,ld-linux-x86-64.so.2
1884,1,_find_next_and_bit,0x74,[kernel.kallsyms]
1885,1,_find_next_bit,0x22,[kernel.kallsyms]
1886,1,_raw_spin_lock,0x19,[kernel.kallsyms]
1887,1,_raw_spin_lock_irq,0x6,[kernel.kallsyms]
1888,1,_raw_spin_lock_irq,0xd,[kernel.kallsyms]
1889,1,_raw_spin_lock_irq,0x2c,[kernel.kallsyms]
1890,1,_raw_spin_trylock,0x5,[kernel.kallsyms]
1891,1,_raw_spin_trylock,0xc,[kernel.kallsyms]
1892,1,_raw_spin_unlock,0x6,[kernel.kallsyms]
1893,1,_raw_spin_unlock,0xc,[kernel.kallsyms]
1894,1,_raw_spin_unlock,0xf,[kernel.kallsyms]
1895,1,_raw_spin_unlock,0x16,[kernel.kallsyms]
1896,1,_raw_spin_unlock,0x1d,[kernel.kallsyms]
1897,1,_raw_spin_unlock,0x1f,[kernel.kallsyms]
1898,1,_raw_spin_unlock_irq,0x15,[kernel.kallsyms]
1899,1,aa_file_perm,0x1c8,[kernel.kallsyms]
1900,1,account_user_time,0x85,[kernel.kallsyms]
1901,1,acct_account_cputime,0x55,[kernel.kallsyms]
1902,1,acct_account_cputime,0xb4,[kernel.kallsyms]
1903,1,alloc_anon_folio,0x1ed,[kernel.kallsyms]
1904,1,alloc_pages_mpol,0x5,[kernel.kallsyms]
1905,1,alloc_pages_mpol,0x28,[kernel.kallsyms]
1906,1,alloc_pages_mpol,0x40,[kernel.kallsyms]
1907,1,arch_exit_to_user_mode_prepare.isra.0,0x5d,[kernel.kallsyms]
1908,1,arch_scale_freq_tick,0x3f,[kernel.kallsyms]
1909,1,arch_scale_freq_tick,0x54,[kernel.kallsyms]
1910,1,atime_needs_update,0x5,[kernel.kallsyms]
1911,1,balance_dirty_pages_ratelimited_flags,0x0,[kernel.kallsyms]
1912,1,balance_dirty_pages_ratelimited_flags,0x22,[kernel.kallsyms]
1913,1,begin_current_label_crit_section,0x18,[kernel.kallsyms]
1914,1,begin_current_label_crit_section,0x1e,[kernel.kallsyms]
1915,1,begin_current_label_crit_section,0x25,[kernel.kallsyms]
1916,1,btrfs_file_read_iter,0x5,[kernel.kallsyms]
1917,1,btrfs_file_read_iter,0x1a,[kernel.kallsyms]
1918,1,build_detached_freelist,0x139,[kernel.kallsyms]
1919,1,cache_tag_flush_iotlb,0x49,[kernel.kallsyms]
1920,1,calc_global_load,0x10,[kernel.kallsyms]
1921,1,cap_capable,0x0,[kernel.kallsyms]
1922,1,cap_capable,0x2f,[kernel.kallsyms]
1923,1,cap_capable,0x53,[kernel.kallsyms]
1924,1,cap_vm_enough_memory,0xb,[kernel.kallsyms]
1925,1,charge_memcg,0x9,[kernel.kallsyms]
1926,1,charge_memcg,0x38,[kernel.kallsyms]
1927,1,charge_memcg,0x46,[kernel.kallsyms]
1928,1,charge_memcg,0x61,[kernel.kallsyms]
1929,1,charge_memcg,0x65,[kernel.kallsyms]
1930,1,check_cpu_stall,0x11,[kernel.kallsyms]
1931,1,check_match,0x3,ld-linux-x86-64.so.2
1932,1,clear_bhb_loop,0x98,[kernel.kallsyms]
1933,1,clockevents_program_event,0x0,[kernel.kallsyms]
1934,1,clockevents_program_event,0x77,[kernel.kallsyms]
1935,1,clockevents_program_event,0x9a,[kernel.kallsyms]
1936,1,copy_folio_from_iter_atomic,0xc9,[kernel.kallsyms]
1937,1,copy_folio_from_iter_atomic,0x111,[kernel.kallsyms]
1938,1,copy_folio_from_iter_atomic,0x300,[kernel.kallsyms]
1939,1,copy_page_to_iter,0x60,[kernel.kallsyms]
1940,1,copy_page_to_iter,0x64,[kernel.kallsyms]
1941,1,copy_page_to_iter,0xa7,[kernel.kallsyms]
1942,1,copy_page_to_iter,0xab,[kernel.kallsyms]
1943,1,copy_page_to_iter,0xb2,[kernel.kallsyms]
1944,1,copy_page_to_iter,0xce,[kernel.kallsyms]
1945,1,cpuacct_account_field,0x67,[kernel.kallsyms]
1946,1,do_mmap,0x0,[kernel.kallsyms]
1947,1,do_syscall_64,0x105,[kernel.kallsyms]
1948,1,do_syscall_64,0x120,[kernel.kallsyms]
1949,1,do_syscall_64,0x1da,[kernel.kallsyms]
1950,1,down_write,0x0,[kernel.kallsyms]
1951,1,down_write,0x20,[kernel.kallsyms]
1952,1,dquot_add_space,0xa1,[kernel.kallsyms]
1953,1,drain_obj_stock,0x0,[kernel.kallsyms]
1954,1,drain_obj_stock,0x44,[kernel.kallsyms]
1955,1,enqueue_hrtimer,0x59,[kernel.kallsyms]
1956,1,enqueue_task_fair,0x41,[kernel.kallsyms]
1957,1,entry_SYSCALL_64,0x1f,[kernel.kallsyms]
1958,1,entry_SYSCALL_64_after_hwframe,0xb,[kernel.kallsyms]
1959,1,entry_SYSCALL_64_after_hwframe,0xd,[kernel.kallsyms]
1960,1,entry_SYSCALL_64_after_hwframe,0x28,[kernel.kallsyms]
1961,1,error_entry,0x6,[kernel.kallsyms]
1962,1,error_entry,0x3d,[kernel.kallsyms]
1963,1,fdget_pos,0x2d,[kernel.kallsyms]
1964,1,fdget_pos,0x3d,[kernel.kallsyms]
1965,1,fdget_pos,0x5c,[kernel.kallsyms]
1966,1,file_update_time_flags,0xe0,[kernel.kallsyms]
1967,1,filemap_get_entry,0x5,[kernel.kallsyms]
1968,1,filemap_get_entry,0x1a,[kernel.kallsyms]
1969,1,filemap_get_entry,0x20,[kernel.kallsyms]
1970,1,filemap_get_entry,0x44,[kernel.kallsyms]
1971,1,filemap_get_pages,0x2ec,[kernel.kallsyms]
1972,1,filemap_get_read_batch,0x10f,[kernel.kallsyms]
1973,1,filemap_get_read_batch,0x229,[kernel.kallsyms]
1974,1,filemap_get_read_batch,0x241,[kernel.kallsyms]
1975,1,filemap_get_read_batch,0x26c,[kernel.kallsyms]
1976,1,filemap_map_pages,0x1f8,[kernel.kallsyms]
1977,1,filemap_read,0x62,[kernel.kallsyms]
1978,1,filemap_read,0x1fc,[kernel.kallsyms]
1979,1,filemap_read,0x223,[kernel.kallsyms]
1980,1,filemap_read,0x352,[kernel.kallsyms]
1981,1,filemap_read,0x479,[kernel.kallsyms]
1982,1,filemap_remove_folio,0x8,[kernel.kallsyms]
1983,1,filemap_remove_folio,0x2b,[kernel.kallsyms]
1984,1,find_lock_entries,0x2c1,[kernel.kallsyms]
1985,1,folio_add_file_rmap_ptes,0x60,[kernel.kallsyms]
1986,1,folio_add_lru,0x20,[kernel.kallsyms]
1987,1,folio_add_lru,0x2f,[kernel.kallsyms]
1988,1,folio_batch_move_lru,0x6a,[kernel.kallsyms]
1989,1,folio_batch_move_lru,0xad,[kernel.kallsyms]
1990,1,folio_batch_remove_exceptionals,0x1f,[kernel.kallsyms]
1991,1,folio_mapping,0x0,[kernel.kallsyms]
1992,1,folio_mapping,0xf,[kernel.kallsyms]
1993,1,folio_mark_dirty,0x0,[kernel.kallsyms]
1994,1,folio_unlock,0x0,[kernel.kallsyms]
1995,1,folios_put_refs,0x4c,[kernel.kallsyms]
1996,1,folios_put_refs,0x6a,[kernel.kallsyms]
1997,1,fpregs_assert_state_consistent,0x5,[kernel.kallsyms]
1998,1,fpregs_assert_state_consistent,0x18,[kernel.kallsyms]
1999,1,fpregs_assert_state_consistent,0x28,[kernel.kallsyms]
2000,1,fpregs_assert_state_consistent,0x41,[kernel.kallsyms]
2001,1,fq_ring_free_locked,0x57,[kernel.kallsyms]
2002,1,free_frozen_page_commit.isra.0,0x9,[kernel.kallsyms]
2003,1,free_frozen_page_commit.isra.0,0x1b,[kernel.kallsyms]
2004,1,free_frozen_page_commit.isra.0,0xaa,[kernel.kallsyms]
2005,1,free_pcppages_bulk,0xf3,[kernel.kallsyms]
2006,1,free_pcppages_bulk,0x146,[kernel.kallsyms]
2007,1,free_pcppages_bulk,0x168,[kernel.kallsyms]
2008,1,free_pcppages_bulk,0x191,[kernel.kallsyms]
2009,1,free_unref_folios,0x137,[kernel.kallsyms]
2010,1,free_unref_folios,0x181,[kernel.kallsyms]
2011,1,free_unref_folios,0x309,[kernel.kallsyms]
2012,1,free_unref_folios,0x336,[kernel.kallsyms]
2013,1,free_unref_folios,0x404,[kernel.kallsyms]
2014,1,free_unref_folios,0x50a,[kernel.kallsyms]
2015,1,free_unref_folios,0x82e,[kernel.kallsyms]
2016,1,fsnotify,0x0,[kernel.kallsyms]
2017,1,fsnotify,0x32e,[kernel.kallsyms]
2018,1,fsnotify,0x36c,[kernel.kallsyms]
2019,1,fsnotify,0x393,[kernel.kallsyms]
2020,1,fsnotify,0x3b0,[kernel.kallsyms]
2021,1,fsnotify,0x3dc,[kernel.kallsyms]
2022,1,fsnotify,0x3e9,[kernel.kallsyms]
2023,1,fsnotify,0x3f2,[kernel.kallsyms]
2024,1,fsnotify,0x3f6,[kernel.kallsyms]
2025,1,fsnotify,0x417,[kernel.kallsyms]
2026,1,fsnotify_insert_event,0x30,[kernel.kallsyms]
2027,1,generic_exec_single,0x27,[kernel.kallsyms]
2028,1,generic_perform_write,0xab,[kernel.kallsyms]
2029,1,generic_perform_write,0x100,[kernel.kallsyms]
2030,1,generic_perform_write,0x133,[kernel.kallsyms]
2031,1,generic_perform_write,0x198,[kernel.kallsyms]
2032,1,generic_perform_write,0x20e,[kernel.kallsyms]
2033,1,generic_write_check_limits,0x29,[kernel.kallsyms]
2034,1,generic_write_checks,0x94,[kernel.kallsyms]
2035,1,get_mem_cgroup_from_mm,0x4d,[kernel.kallsyms]
2036,1,get_page_from_freelist,0xd,[kernel.kallsyms]
2037,1,get_page_from_freelist,0x8f,[kernel.kallsyms]
2038,1,get_page_from_freelist,0x183,[kernel.kallsyms]
2039,1,get_page_from_freelist,0x1d7,[kernel.kallsyms]
2040,1,get_page_from_freelist,0x47e,[kernel.kallsyms]
2041,1,get_task_policy,0x1c,[kernel.kallsyms]
2042,1,get_task_policy,0x48,[kernel.kallsyms]
2043,1,get_task_policy,0x50,[kernel.kallsyms]
2044,1,handle_softirqs,0x31,[kernel.kallsyms]
2045,1,handle_softirqs,0xcb,[kernel.kallsyms]
2046,1,hrtimer_forward,0x41,[kernel.kallsyms]
2047,1,hrtimer_interrupt,0x14,[kernel.kallsyms]
2048,1,hrtimer_interrupt,0x3e,[kernel.kallsyms]
2049,1,hrtimer_interrupt,0x238,[kernel.kallsyms]
2050,1,hrtimer_update_next_event,0x51,[kernel.kallsyms]
2051,1,idle_cpu,0x2a,[kernel.kallsyms]
2052,1,inode_set_ctime_current,0x5,[kernel.kallsyms]
2053,1,inode_set_ctime_current,0x6d,[kernel.kallsyms]
2054,1,inotify_merge,0x0,[kernel.kallsyms]
2055,1,inotify_merge,0x47,[kernel.kallsyms]
2056,1,insert_work,0x0,[kernel.kallsyms]
2057,1,irq_work_run_list,0x90,[kernel.kallsyms]
2058,1,irqentry_exit,0xa,[kernel.kallsyms]
2059,1,irqentry_exit,0x20,[kernel.kallsyms]
2060,1,kernel_init_pages,0x9,[kernel.kallsyms]
2061,1,kernel_init_pages,0x53,[kernel.kallsyms]
2062,1,kfree,0x0,[kernel.kallsyms]
2063,1,kfree,0xc0,[kernel.kallsyms]
2064,1,kfree,0xc4,[kernel.kallsyms]
2065,1,kfree,0x114,[kernel.kallsyms]
2066,1,kfree,0x307,[kernel.kallsyms]
2067,1,kick_ilb,0x5,[kernel.kallsyms]
2068,1,kick_ilb,0xf,[kernel.kallsyms]
2069,1,kick_ilb,0xaf,[kernel.kallsyms]
2070,1,kick_pool,0x58,[kernel.kallsyms]
2071,1,kmem_cache_alloc_lru_noprof,0xb8,[kernel.kallsyms]
2072,1,kthread_is_per_cpu,0x11,[kernel.kallsyms]
2073,1,kthread_is_per_cpu,0x1d,[kernel.kallsyms]
2074,1,ktime_get,0x68,[kernel.kallsyms]
2075,1,ktime_get,0x72,[kernel.kallsyms]
2076,1,ktime_get_coarse_real_ts64_mg,0x27,[kernel.kallsyms]
2077,1,lapic_next_deadline,0x0,[kernel.kallsyms]
2078,1,lapic_next_deadline,0xf,[kernel.kallsyms]
2079,1,llist_reverse_order,0x13,[kernel.kallsyms]
2080,1,lock_vma_under_rcu,0x39,[kernel.kallsyms]
2081,1,lockref_get_not_zero,0x27,[kernel.kallsyms]
2082,1,lockref_put_return,0x27,[kernel.kallsyms]
2083,1,lru_add,0x10,[kernel.kallsyms]
2084,1,lru_add,0x36,[kernel.kallsyms]
2085,1,lru_add,0x96,[kernel.kallsyms]
2086,1,lru_gen_add_folio,0x11,[kernel.kallsyms]
2087,1,lru_gen_add_folio,0x48,[kernel.kallsyms]
2088,1,lru_gen_add_folio,0x61,[kernel.kallsyms]
2089,1,lru_gen_add_folio,0x76,[kernel.kallsyms]
2090,1,lru_gen_add_folio,0xb4,[kernel.kallsyms]
2091,1,lru_gen_add_folio,0xd8,[kernel.kallsyms]
2092,1,lru_gen_add_folio,0xfd,[kernel.kallsyms]
2093,1,lru_gen_add_folio,0x10a,[kernel.kallsyms]
2094,1,lru_gen_add_folio,0x14f,[kernel.kallsyms]
2095,1,lru_gen_add_folio,0x1db,[kernel.kallsyms]
2096,1,lru_gen_add_folio,0x2a4,[kernel.kallsyms]
2097,1,lru_gen_add_folio,0x31c,[kernel.kallsyms]
2098,1,lru_gen_add_folio,0x336,[kernel.kallsyms]
2099,1,lru_gen_del_folio.constprop.0,0x31,[kernel.kallsyms]
2100,1,lru_gen_del_folio.constprop.0,0x58,[kernel.kallsyms]
2101,1,lru_gen_del_folio.constprop.0,0x70,[kernel.kallsyms]
2102,1,lru_gen_del_folio.constprop.0,0x242,[kernel.kallsyms]
2103,1,lruvec_stat_mod_folio,0x18,[kernel.kallsyms]
2104,1,lruvec_stat_mod_folio,0x24,[kernel.kallsyms]
2105,1,lruvec_stat_mod_folio,0x7a,[kernel.kallsyms]
2106,1,lruvec_stat_mod_folio,0x7d,[kernel.kallsyms]
2107,1,mas_rev_awalk,0x10,[kernel.kallsyms]
2108,1,mas_walk,0x2e7,[kernel.kallsyms]
2109,1,may_expand_vm,0x1a,[kernel.kallsyms]
2110,1,memcpy@plt,0x4,zstd
2111,1,memcpy_orig,0xc0,[kernel.kallsyms]
2112,1,memmove@plt,0x0,zstd
2113,1,memset_orig,0x33,[kernel.kallsyms]
2114,1,mod_lruvec_state,0x9,[kernel.kallsyms]
2115,1,mod_lruvec_state,0x13,[kernel.kallsyms]
2116,1,mod_lruvec_state,0x16,[kernel.kallsyms]
2117,1,mod_lruvec_state,0x3e,[kernel.kallsyms]
2118,1,mod_memcg_lruvec_state,0xc,[kernel.kallsyms]
2119,1,mod_memcg_lruvec_state,0x10,[kernel.kallsyms]
2120,1,mod_memcg_lruvec_state,0x13,[kernel.kallsyms]
2121,1,mod_memcg_lruvec_state,0x2b,[kernel.kallsyms]
2122,1,mod_memcg_lruvec_state,0x91,[kernel.kallsyms]
2123,1,mod_memcg_lruvec_state,0x9d,[kernel.kallsyms]
2124,1,mod_memcg_lruvec_state,0xca,[kernel.kallsyms]
2125,1,mod_memcg_lruvec_state,0xf4,[kernel.kallsyms]
2126,1,mod_memcg_lruvec_state,0x142,[kernel.kallsyms]
2127,1,mod_memcg_lruvec_state,0x146,[kernel.kallsyms]
2128,1,mod_memcg_lruvec_state,0x159,[kernel.kallsyms]
2129,1,mod_node_page_state,0x9,[kernel.kallsyms]
2130,1,mod_node_page_state,0x19,[kernel.kallsyms]
2131,1,mod_node_page_state,0x1a,[kernel.kallsyms]
2132,1,mod_node_page_state,0x25,[kernel.kallsyms]
2133,1,mod_node_page_state,0x2b,[kernel.kallsyms]
2134,1,mod_node_page_state,0x3a,[kernel.kallsyms]
2135,1,mod_node_page_state,0x67,[kernel.kallsyms]
2136,1,mod_node_page_state,0x93,[kernel.kallsyms]
2137,1,mod_node_page_state,0x97,[kernel.kallsyms]
2138,1,mod_node_page_state,0x9d,[kernel.kallsyms]
2139,1,mpol_shared_policy_lookup,0x58,[kernel.kallsyms]
2140,1,native_apic_msr_eoi,0xb,[kernel.kallsyms]
2141,1,native_flush_tlb_one_user,0x23,[kernel.kallsyms]
2142,1,native_sched_clock,0x67,[kernel.kallsyms]
2143,1,native_write_msr,0xd,[kernel.kallsyms]
2144,1,next_uptodate_folio,0x160,[kernel.kallsyms]
2145,1,nf_ct_get_tuple,0x0,[kernel.kallsyms]
2146,1,nohz_balance_exit_idle,0x27,[kernel.kallsyms]
2147,1,nohz_balancer_kick,0x59,[kernel.kallsyms]
2148,1,nohz_balancer_kick,0x60,[kernel.kallsyms]
2149,1,nohz_balancer_kick,0x9d,[kernel.kallsyms]
2150,1,nohz_balancer_kick,0x164,[kernel.kallsyms]
2151,1,nohz_balancer_kick,0x179,[kernel.kallsyms]
2152,1,nohz_balancer_kick,0x194,[kernel.kallsyms]
2153,1,noop_dirty_folio,0x6,[kernel.kallsyms]
2154,1,noop_dirty_folio,0x27,[kernel.kallsyms]
2155,1,notifier_call_chain,0x5,[kernel.kallsyms]
2156,1,notifier_call_chain,0x16,[kernel.kallsyms]
2157,1,notifier_call_chain,0x19,[kernel.kallsyms]
2158,1,notifier_call_chain,0x7b,[kernel.kallsyms]
2159,1,ntp_get_next_leap,0x0,[kernel.kallsyms]
2160,1,ntp_get_next_leap,0xd,[kernel.kallsyms]
2161,1,obj_cgroup_uncharge_pages,0xa2,[kernel.kallsyms]
2162,1,page_counter_try_charge,0x1c,[kernel.kallsyms]
2163,1,page_counter_try_charge,0x78,[kernel.kallsyms]
2164,1,page_counter_uncharge,0x53,[kernel.kallsyms]
2165,1,percpu_counter_add_batch,0xe,[kernel.kallsyms]
2166,1,percpu_counter_add_batch,0x1e,[kernel.kallsyms]
2167,1,percpu_counter_add_batch,0x2b,[kernel.kallsyms]
2168,1,perf_ctx_disable,0xd,[kernel.kallsyms]
2169,1,perf_ctx_disable,0x33,[kernel.kallsyms]
2170,1,perf_event_task_tick,0x16,[kernel.kallsyms]
2171,1,perf_event_task_tick,0x57,[kernel.kallsyms]
2172,1,pick_next_task_fair,0x61,[kernel.kallsyms]
2173,1,place_entity,0x141,[kernel.kallsyms]
2174,1,policy_nodemask,0x0,[kernel.kallsyms]
2175,1,policy_nodemask,0x53,[kernel.kallsyms]
2176,1,policy_nodemask,0x11d,[kernel.kallsyms]
2177,1,post_alloc_hook,0x6,[kernel.kallsyms]
2178,1,post_alloc_hook,0x2d,[kernel.kallsyms]
2179,1,post_alloc_hook,0x38,[kernel.kallsyms]
2180,1,post_alloc_hook,0x57,[kernel.kallsyms]
2181,1,post_alloc_hook,0x73,[kernel.kallsyms]
2182,1,post_alloc_hook,0xd4,[kernel.kallsyms]
2183,1,propagate_entity_load_avg,0x12,[kernel.kallsyms]
2184,1,propagate_entity_load_avg,0x3cf,[kernel.kallsyms]
2185,1,put_prev_entity,0x24,[kernel.kallsyms]
2186,1,pvclock_gtod_notify,0x5,[kernel.kallsyms]
2187,1,pvclock_gtod_notify,0x40,[kernel.kallsyms]
2188,1,pvclock_gtod_notify,0xc5,[kernel.kallsyms]
2189,1,raw_spin_rq_lock_nested,0xb,[kernel.kallsyms]
2190,1,raw_spin_rq_lock_nested,0x18,[kernel.kallsyms]
2191,1,rb_erase,0x1d,[kernel.kallsyms]
2192,1,rb_erase,0x273,[kernel.kallsyms]
2193,1,rb_erase,0x384,[kernel.kallsyms]
2194,1,rcu_core,0x180,[kernel.kallsyms]
2195,1,rcu_pending,0x1da,[kernel.kallsyms]
2196,1,rcu_pending,0x201,[kernel.kallsyms]
2197,1,rcu_sched_clock_irq,0x20,[kernel.kallsyms]
2198,1,rcu_sched_clock_irq,0x28,[kernel.kallsyms]
2199,1,rcu_sched_clock_irq,0x225,[kernel.kallsyms]
2200,1,rcu_sched_clock_irq,0x327,[kernel.kallsyms]
2201,1,read,0x0,libc.so.6
2202,1,read,0x4,libc.so.6
2203,1,read_tsc,0x9,[kernel.kallsyms]
2204,1,refill_stock,0x66,[kernel.kallsyms]
2205,1,rep_movs_alternative,0x4,[kernel.kallsyms]
2206,1,rmqueue.isra.0,0x9,[kernel.kallsyms]
2207,1,rmqueue.isra.0,0x15,[kernel.kallsyms]
2208,1,rmqueue.isra.0,0x36f,[kernel.kallsyms]
2209,1,rmqueue.isra.0,0x114a,[kernel.kallsyms]
2210,1,rmqueue_bulk,0x113,[kernel.kallsyms]
2211,1,rmqueue_bulk,0xece,[kernel.kallsyms]
2212,1,rmqueue_pcplist,0x13,[kernel.kallsyms]
2213,1,rmqueue_pcplist,0xa4,[kernel.kallsyms]
2214,1,run_posix_cpu_timers,0x0,[kernel.kallsyms]
2215,1,run_posix_cpu_timers,0x21,[kernel.kallsyms]
2216,1,rw_verify_area,0x1e,[kernel.kallsyms]
2217,1,rw_verify_area,0x44,[kernel.kallsyms]
2218,1,sched_balance_trigger,0x3b,[kernel.kallsyms]
2219,1,sched_clock_cpu,0x1f,[kernel.kallsyms]
2220,1,sched_clock_tick,0xf,[kernel.kallsyms]
2221,1,sched_tick,0xc3,[kernel.kallsyms]
2222,1,security_vm_enough_memory_mm,0xb,[kernel.kallsyms]
2223,1,security_vm_enough_memory_mm,0xe,[kernel.kallsyms]
2224,1,security_vm_enough_memory_mm,0x32,[kernel.kallsyms]
2225,1,security_vm_enough_memory_mm,0x6c,[kernel.kallsyms]
2226,1,select_task_rq_fair,0x91,[kernel.kallsyms]
2227,1,send_to_group,0x0,[kernel.kallsyms]
2228,1,send_to_group,0x9,[kernel.kallsyms]
2229,1,send_to_group,0x66,[kernel.kallsyms]
2230,1,send_to_group,0x8f,[kernel.kallsyms]
2231,1,send_to_group,0xa8,[kernel.kallsyms]
2232,1,send_to_group,0xd2,[kernel.kallsyms]
2233,1,send_to_group,0x10a,[kernel.kallsyms]
2234,1,send_to_group,0x1a7,[kernel.kallsyms]
2235,1,shmem_add_to_page_cache,0x0,[kernel.kallsyms]
2236,1,shmem_add_to_page_cache,0x20,[kernel.kallsyms]
2237,1,shmem_add_to_page_cache,0x1fb,[kernel.kallsyms]
2238,1,shmem_add_to_page_cache,0x214,[kernel.kallsyms]
2239,1,shmem_add_to_page_cache,0x223,[kernel.kallsyms]
2240,1,shmem_add_to_page_cache,0x259,[kernel.kallsyms]
2241,1,shmem_add_to_page_cache,0x2bf,[kernel.kallsyms]
2242,1,shmem_alloc_and_add_folio,0x9,[kernel.kallsyms]
2243,1,shmem_alloc_and_add_folio,0x14b,[kernel.kallsyms]
2244,1,shmem_alloc_and_add_folio,0x1e9,[kernel.kallsyms]
2245,1,shmem_alloc_and_add_folio,0x288,[kernel.kallsyms]
2246,1,shmem_alloc_folio,0x11,[kernel.kallsyms]
2247,1,shmem_alloc_folio,0x18,[kernel.kallsyms]
2248,1,shmem_alloc_folio,0x81,[kernel.kallsyms]
2249,1,shmem_file_write_iter,0x6,[kernel.kallsyms]
2250,1,shmem_file_write_iter,0x88,[kernel.kallsyms]
2251,1,shmem_get_dquots,0x0,[kernel.kallsyms]
2252,1,shmem_get_folio_gfp,0x36,[kernel.kallsyms]
2253,1,shmem_get_folio_gfp,0x152,[kernel.kallsyms]
2254,1,shmem_huge_global_enabled.isra.0,0x0,[kernel.kallsyms]
2255,1,shmem_huge_global_enabled.isra.0,0x10,[kernel.kallsyms]
2256,1,shmem_huge_global_enabled.isra.0,0x12,[kernel.kallsyms]
2257,1,shmem_huge_global_enabled.isra.0,0x43,[kernel.kallsyms]
2258,1,shmem_inode_acct_blocks,0x39,[kernel.kallsyms]
2259,1,shmem_recalc_inode,0x25,[kernel.kallsyms]
2260,1,shmem_recalc_inode,0x69,[kernel.kallsyms]
2261,1,shmem_recalc_inode,0xbd,[kernel.kallsyms]
2262,1,shmem_write_begin,0x1f,[kernel.kallsyms]
2263,1,shmem_write_begin,0x8a,[kernel.kallsyms]
2264,1,shmem_write_begin,0xda,[kernel.kallsyms]
2265,1,shmem_write_end,0x5,[kernel.kallsyms]
2266,1,shmem_write_end,0x10,[kernel.kallsyms]
2267,1,shmem_write_end,0x13,[kernel.kallsyms]
2268,1,shmem_write_end,0x1c,[kernel.kallsyms]
2269,1,shmem_write_end,0x20,[kernel.kallsyms]
2270,1,shmem_write_end,0x83,[kernel.kallsyms]
2271,1,static_key_count,0x5,[kernel.kallsyms]
2272,1,strcmp,0x60,ld-linux-x86-64.so.2
2273,1,syscall_return_via_sysret,0x1a,[kernel.kallsyms]
2274,1,syscall_return_via_sysret,0x3b,[kernel.kallsyms]
2275,1,sysvec_apic_timer_interrupt,0x77,[kernel.kallsyms]
2276,1,task_tick_fair,0x0,[kernel.kallsyms]
2277,1,task_tick_fair,0x4d,[kernel.kallsyms]
2278,1,task_tick_fair,0x87,[kernel.kallsyms]
2279,1,task_tick_fair,0xf4,[kernel.kallsyms]
2280,1,task_tick_fair,0x16d,[kernel.kallsyms]
2281,1,task_tick_fair,0x1db,[kernel.kallsyms]
2282,1,tick_do_update_jiffies64,0x9b,[kernel.kallsyms]
2283,1,tick_do_update_jiffies64,0xa2,[kernel.kallsyms]
2284,1,tick_nohz_handler,0x160,[kernel.kallsyms]
2285,1,timekeeping_adjust,0x12,[kernel.kallsyms]
2286,1,timekeeping_adjust,0x16,[kernel.kallsyms]
2287,1,timekeeping_adjust,0x32,[kernel.kallsyms]
2288,1,timekeeping_adjust,0x6b,[kernel.kallsyms]
2289,1,timekeeping_adjust,0x80,[kernel.kallsyms]
2290,1,timekeeping_update_from_shadow,0x7c,[kernel.kallsyms]
2291,1,timekeeping_update_from_shadow,0xae,[kernel.kallsyms]
2292,1,timekeeping_update_from_shadow,0x170,[kernel.kallsyms]
2293,1,timer_lock_remote_bases,0xf,[kernel.kallsyms]
2294,1,timerqueue_add,0x0,[kernel.kallsyms]
2295,1,timerqueue_add,0xb0,[kernel.kallsyms]
2296,1,timerqueue_del,0xd,[kernel.kallsyms]
2297,1,tmigr_next_groupevt,0x0,[kernel.kallsyms]
2298,1,tmigr_requires_handle_remote,0xa7,[kernel.kallsyms]
2299,1,tmigr_requires_handle_remote,0xdb,[kernel.kallsyms]
2300,1,try_charge_memcg,0xb,[kernel.kallsyms]
2301,1,try_charge_memcg,0x17,[kernel.kallsyms]
2302,1,try_charge_memcg,0x1c,[kernel.kallsyms]
2303,1,try_charge_memcg,0x31,[kernel.kallsyms]
2304,1,try_charge_memcg,0x34,[kernel.kallsyms]
2305,1,try_charge_memcg,0x59,[kernel.kallsyms]
2306,1,try_charge_memcg,0x7f,[kernel.kallsyms]
2307,1,try_charge_memcg,0xaa,[kernel.kallsyms]
2308,1,try_charge_memcg,0x161,[kernel.kallsyms]
2309,1,try_charge_memcg,0x168,[kernel.kallsyms]
2310,1,try_charge_memcg,0x1f2,[kernel.kallsyms]
2311,1,try_charge_memcg,0x42e,[kernel.kallsyms]
2312,1,ttwu_do_activate,0x20,[kernel.kallsyms]
2313,1,uncharge_folio,0x19,[kernel.kallsyms]
2314,1,uncharge_folio,0x40,[kernel.kallsyms]
2315,1,uncharge_folio,0x99,[kernel.kallsyms]
2316,1,uncharge_folio,0xb6,[kernel.kallsyms]
2317,1,uncharge_folio,0x10d,[kernel.kallsyms]
2318,1,update_cfs_group,0x5,[kernel.kallsyms]
2319,1,update_cfs_group,0x3b,[kernel.kallsyms]
2320,1,update_curr,0x3a,[kernel.kallsyms]
2321,1,update_curr,0x4b,[kernel.kallsyms]
2322,1,update_curr_dl_se,0x258,[kernel.kallsyms]
2323,1,update_curr_dl_se,0x294,[kernel.kallsyms]
2324,1,update_deadline,0x9,[kernel.kallsyms]
2325,1,update_deadline,0xd,[kernel.kallsyms]
2326,1,update_process_times,0xb,[kernel.kallsyms]
2327,1,update_rq_clock,0x13,[kernel.kallsyms]
2328,1,update_sd_lb_stats.constprop.0,0x5a,[kernel.kallsyms]
2329,1,update_se,0x42,[kernel.kallsyms]
2330,1,update_se,0x5a,[kernel.kallsyms]
2331,1,update_se,0xf1,[kernel.kallsyms]
2332,1,update_se,0x152,[kernel.kallsyms]
2333,1,update_sg_lb_stats,0xa1,[kernel.kallsyms]
2334,1,update_vdso_time_data,0x130,[kernel.kallsyms]
2335,1,update_vdso_time_data,0x155,[kernel.kallsyms]
2336,1,update_vdso_time_data,0x18b,[kernel.kallsyms]
2337,1,update_vsyscall,0x4c,[kernel.kallsyms]
2338,1,update_vsyscall,0x99,[kernel.kallsyms]
2339,1,update_vsyscall,0xda,[kernel.kallsyms]
2340,1,vfs_getattr_nosec,0xa6,[kernel.kallsyms]
2341,1,vfs_read,0x12d,[kernel.kallsyms]
2342,1,vfs_read,0x139,[kernel.kallsyms]
2343,1,vfs_read,0x283,[kernel.kallsyms]
2344,1,vfs_write,0x10,[kernel.kallsyms]
2345,1,vfs_write,0x2a3,[kernel.kallsyms]
2346,1,vfs_write,0x301,[kernel.kallsyms]
2347,1,vfs_write,0x311,[kernel.kallsyms]
2348,1,vfs_write,0x353,[kernel.kallsyms]
2349,1,vfs_write,0x361,[kernel.kallsyms]
2350,1,vma_interval_tree_remove,0x186,[kernel.kallsyms]
2351,1,wq_select_unbound_cpu,0x17,[kernel.kallsyms]
2352,1,x64_sys_call,0x20d,[kernel.kallsyms]
2353,1,x64_sys_call,0x22a,[kernel.kallsyms]
2354,1,x64_sys_call,0x1fec,[kernel.kallsyms]
2355,1,xas_alloc,0x90,[kernel.kallsyms]
2356,1,xas_clear_mark,0x0,[kernel.kallsyms]
2357,1,xas_clear_mark,0x1d,[kernel.kallsyms]
2358,1,xas_clear_mark,0x21,[kernel.kallsyms]
2359,1,xas_clear_mark,0x69,[kernel.kallsyms]
2360,1,xas_create,0x0,[kernel.kallsyms]
2361,1,xas_create,0x83,[kernel.kallsyms]
2362,1,xas_create,0x102,[kernel.kallsyms]
2363,1,xas_find_conflict,0x21,[kernel.kallsyms]
2364,1,xas_find_conflict,0xc3,[kernel.kallsyms]
2365,1,xas_find_conflict,0xef,[kernel.kallsyms]
2366,1,xas_find_conflict,0x158,[kernel.kallsyms]
2367,1,xas_find_conflict,0x171,[kernel.kallsyms]
2368,1,xas_init_marks,0xf,[kernel.kallsyms]
2369,1,xas_init_marks,0x42,[kernel.kallsyms]
2370,1,xas_load,0x4,[kernel.kallsyms]
2371,1,xas_load,0x8,[kernel.kallsyms]
2372,1,xas_load,0x68,[kernel.kallsyms]
2373,1,xas_load,0x76,[kernel.kallsyms]
2374,1,xas_nomem,0x69,[kernel.kallsyms]
2375,1,xas_start,0xf,[kernel.kallsyms]
2376,1,xas_start,0x2d,[kernel.kallsyms]
2377,1,xas_start,0x5e,[kernel.kallsyms]
2378,1,xas_start,0x6d,[kernel.kallsyms]
2379,1,xas_start,0xe0,[kernel.kallsyms]
2380,1,xas_store,0x71,[kernel.kallsyms]
2381,1,xas_store,0xc4,[kernel.kallsyms]
2382,1,xas_store,0x16f,[kernel.kallsyms]
2383,1,xas_store,0x1fe,[kernel.kallsyms]
2384,1,xas_store,0x231,[kernel.kallsyms]
2385,1,xas_store,0x268,[kernel.kallsyms]
2386,1,xas_store,0x287,[kernel.kallsyms]
2387,1,xas_store,0x289,[kernel.kallsyms]
2388,1,xas_store,0x2b7,[kernel.kallsyms]
2389,1,xas_store,0x3d3,[kernel.kallsyms]
2390,1,zap_present_ptes.constprop.0,0x4c,[kernel.kallsyms]
2391,1,zap_present_ptes.constprop.0,0x19f,[kernel.kallsyms]
2392,1,zap_pte_range,0x5,[kernel.kallsyms]
2393,1,zap_pte_range,0x1e0,[kernel.kallsyms]
